seed,scene_index,scene_name,method,success,terminal_error,min_dist,arrival_time_success,control_energy,update_count,accepted_update_count,confidence,alpha,pred_gain,recent_gain,norm_id_error,nnz_model
101,1,S1 Slippery-surface avoidance,sindy,1,0.29675993478239526,1.3400012329646438,12.200000000000001,14.901517942322563,22,10,0.8623823294234964,0.3549439512131932,0.7586282584764147,0.5049965115843186,0.03899319608262147,14
101,1,S1 Slippery-surface avoidance,standard,1,0.281529090524145,1.2994868229319898,12.200000000000001,14.566788474721514,0,0,,,,,,0
101,1,S1 Slippery-surface avoidance,rls,1,0.281529090524145,1.2994868229319898,12.200000000000001,14.566788474721514,108,108,,0.2,,,,0
101,2,S2 One-sided mud pit (benchmark),sindy,0,0.26711738833013215,0.33787425173337615,,11.684125707556284,19,8,0.8883279212525592,0.3387479207003659,0.9801640487666778,0.9740384763784681,0.0332947553700203,11
101,2,S2 One-sided mud pit (benchmark),standard,1,0.2585979503430807,0.3451196163217647,10.5,11.590922510896604,0,0,,,,,,0
101,2,S2 One-sided mud pit (benchmark),rls,1,0.26883399911269157,0.3540398232001854,10.4,11.631507636278315,90,90,,0.2,,,,0
101,3,S3 One-sided mud pit (stress),sindy,1,0.30428670017039827,0.48200107123506497,14.3,17.26126903405139,26,1,0.8986763167732701,0.09442719742252986,0.9908309330597463,0.9908427712032383,0.01208339275182609,13
101,3,S3 One-sided mud pit (stress),standard,0,0.30237348102582096,0.37240398333110036,,16.57630449347239,0,0,,,,,,0
101,3,S3 One-sided mud pit (stress),rls,0,0.2858214561136023,0.3733798078468298,,16.652611287165353,134,134,,0.2,,,,0
101,4,S4 Emergency avoidance with moving obstacle,sindy,1,0.2589153202689478,0.4474585190907237,9.5,11.442687609838746,17,11,0.8949548614675888,0.36353055996305766,0.926006760794799,0.9524737954170375,0.009596014843409117,14
101,4,S4 Emergency avoidance with moving obstacle,standard,1,0.2536627058069899,0.4372189301845278,9.5,11.30841380163594,0,0,,,,,,0
101,4,S4 Emergency avoidance with moving obstacle,rls,1,0.253691154420256,0.42703623940353563,9.5,11.308090451380373,81,81,,0.2,,,,0
101,5,S5 Continuously varying terrain,sindy,1,0.26052122648524867,0.67789830530179,10.3,12.31141542428098,18,3,0.8866855991674454,0.21763005252902234,0.9692417828681945,0.967843637863904,0.010945648642475884,15
101,5,S5 Continuously varying terrain,standard,1,0.263486345508244,0.6512579872828244,10.3,12.22354905340628,0,0,,,,,,0
101,5,S5 Continuously varying terrain,rls,1,0.263486345508244,0.6512579872828244,10.3,12.22354905340628,89,89,,0.2,,,,0
101,6,S6 High-mismatch asymmetric mud stress,sindy,1,0.3038272316031603,0.5041150607378718,16.1,19.506326260533868,30,2,0.8679233285168977,0.16367533881055865,0.9617659402153129,0.9390212526094025,0.03367742334729687,14
101,6,S6 High-mismatch asymmetric mud stress,standard,1,0.31198778563390456,0.38757916034126993,16.7,18.600042989558784,0,0,,,,,,0
101,6,S6 High-mismatch asymmetric mud stress,rls,1,0.3148750214453609,0.3951873764746797,16.5,18.751035843967863,151,151,,0.2,,,,0
102,1,S1 Slippery-surface avoidance,sindy,1,0.29641313931968066,1.3471511452812088,12.200000000000001,14.914106547952017,22,6,0.8875070352032267,0.30983296207875566,0.9890366167758086,0.9875372916100957,0.0159468983037179,14
102,1,S1 Slippery-surface avoidance,standard,1,0.27960431439173894,1.3001207318793568,12.200000000000001,14.562125112150092,0,0,,,,,,0
102,1,S1 Slippery-surface avoidance,rls,1,0.27960431439173894,1.3001207318793568,12.200000000000001,14.562125112150092,108,108,,0.2,,,,0
102,2,S2 One-sided mud pit (benchmark),sindy,1,0.266739639583858,0.357475444740039,10.4,11.861151076596789,18,8,0.8673684285719392,0.33716295457227574,0.9495985655877176,0.9335368202516502,0.027973435296230566,15
102,2,S2 One-sided mud pit (benchmark),standard,1,0.2662529020222212,0.35454574514086856,10.4,11.62388254102746,0,0,,,,,,0
102,2,S2 One-sided mud pit (benchmark),rls,1,0.266850020382579,0.3537028773298889,10.4,11.623771739677297,90,90,,0.2,,,,0
102,3,S3 One-sided mud pit (stress),sindy,1,0.3035751688260002,0.4617148478457129,14.3,17.3274781939483,26,2,0.8868594721622115,0.16383714349035983,0.977401754878108,0.9786472698590206,0.016508735068049625,14
102,3,S3 One-sided mud pit (stress),standard,0,0.29950357663512545,0.3772685520473571,,16.582892216448617,0,0,,,,,,0
102,3,S3 One-sided mud pit (stress),rls,0,0.28640762076872917,0.37698371837836503,,16.642565965310776,134,134,,0.2,,,,0
102,4,S4 Emergency avoidance with moving obstacle,sindy,1,0.2547065104985045,0.4358856562683328,9.5,11.3712061444959,17,13,0.8973489677232461,0.3713424897514013,0.7797449402976616,0.5400506787431882,0.013214598220874028,13
102,4,S4 Emergency avoidance with moving obstacle,standard,1,0.2512656869951359,0.4369503532174912,9.5,11.304336299232196,0,0,,,,,,0
102,4,S4 Emergency avoidance with moving obstacle,rls,1,0.2577594093733331,0.42555906306722535,9.5,11.27935304428339,81,81,,0.2,,,,0
102,5,S5 Continuously varying terrain,sindy,1,0.25935820633074586,0.6685158615448884,10.3,12.363341870044877,18,6,0.8855157378982951,0.3101189070595352,0.9520111058206464,0.9333947251196817,0.011936635809005692,15
102,5,S5 Continuously varying terrain,standard,1,0.261553460250171,0.6509636894429237,10.3,12.216685592901989,0,0,,,,,,0
102,5,S5 Continuously varying terrain,rls,1,0.261553460250171,0.6509636894429237,10.3,12.216685592901989,89,89,,0.2,,,,0
102,6,S6 High-mismatch asymmetric mud stress,sindy,1,0.30545268247516677,0.47352004277744025,16.1,19.499829039315713,30,3,0.8781097685059289,0.21658290523973292,0.9859488300141047,0.9858845178538284,0.018326792789554777,15
102,6,S6 High-mismatch asymmetric mud stress,standard,1,0.298109919782553,0.39804213882213746,16.6,18.731575894671064,0,0,,,,,,0
102,6,S6 High-mismatch asymmetric mud stress,rls,1,0.29589637949661146,0.4010222367522705,16.6,18.751276634868628,152,152,,0.2,,,,0
103,1,S1 Slippery-surface avoidance,sindy,1,0.29383370385526564,1.3479911456902,12.200000000000001,14.913897224504119,22,7,0.9001488182569986,0.32949001719202897,0.9838025693974815,0.986221791723742,0.010835924915251979,13
103,1,S1 Slippery-surface avoidance,standard,1,0.27814859748912907,1.3000850711677987,12.200000000000001,14.559813385653113,0,0,,,,,,0
103,1,S1 Slippery-surface avoidance,rls,1,0.27814859748912907,1.3000850711677987,12.200000000000001,14.559813385653113,108,108,,0.2,,,,0
103,2,S2 One-sided mud pit (benchmark),sindy,1,0.278107917850778,0.35463329498204454,10.4,11.837135283665427,18,5,0.8814665924153506,0.285651634066915,0.9373349728045011,0.937553994340068,0.027270952327210322,13
103,2,S2 One-sided mud pit (benchmark),standard,1,0.28454505476948216,0.34625639291974314,10.4,11.561646206419846,0,0,,,,,,0
103,2,S2 One-sided mud pit (benchmark),rls,1,0.26617481654943626,0.35543897943203995,10.4,11.623943919517732,90,90,,0.2,,,,0
103,3,S3 One-sided mud pit (stress),sindy,1,0.2867321838796105,0.42423662966141285,14.600000000000001,17.233576217842558,27,5,0.888631050849127,0.28197355716064665,0.9846070120481253,0.9822057870859076,0.02080764026835882,13
103,3,S3 One-sided mud pit (stress),standard,0,0.3008971910370301,0.37911378242977717,,16.64050578702686,0,0,,,,,,0
103,3,S3 One-sided mud pit (stress),rls,0,0.2965972772353872,0.37841546337558807,,16.579937560072224,134,134,,0.2,,,,0
103,4,S4 Emergency avoidance with moving obstacle,sindy,1,0.24708349829170498,0.4391550272110866,9.5,11.44865104610685,17,11,0.8912550194010369,0.36404254959539717,0.9026661797308579,0.9011400930848829,0.018491766014101747,13
103,4,S4 Emergency avoidance with moving obstacle,standard,1,0.2516257437751579,0.4368843495816541,9.5,11.306460112075694,0,0,,,,,,0
103,4,S4 Emergency avoidance with moving obstacle,rls,1,0.24996307007254245,0.4267036947479437,9.5,11.310817108799986,81,81,,0.2,,,,0
103,5,S5 Continuously varying terrain,sindy,1,0.25763020902795325,0.6971841685151501,10.3,12.293192516578701,18,7,0.892340436810633,0.32571481352928794,0.9660630794797824,0.9619542203991445,0.011802479806888101,14
103,5,S5 Continuously varying terrain,standard,1,0.2616392612467792,0.6517538653764626,10.3,12.217659548310014,0,0,,,,,,0
103,5,S5 Continuously varying terrain,rls,1,0.2616392612467792,0.6517538653764626,10.3,12.217659548310014,89,89,,0.2,,,,0
103,6,S6 High-mismatch asymmetric mud stress,sindy,1,0.31516511527673524,0.5185349551761796,16.0,19.43352945466226,30,1,0.8910306779821928,0.09400668728902062,0.9787574768918161,0.9771063786805855,0.024631882315851738,12
103,6,S6 High-mismatch asymmetric mud stress,standard,1,0.3152897630830997,0.39848562289690725,16.5,18.701427719037014,0,0,,,,,,0
103,6,S6 High-mismatch asymmetric mud stress,rls,1,0.3016075203854108,0.40557200358141926,16.5,18.771675246408876,151,151,,0.2,,,,0
104,1,S1 Slippery-surface avoidance,sindy,1,0.2758030712135617,1.3586796801474252,12.3,14.953507325327521,22,9,0.8963504654243489,0.35128270270996753,0.987772957451914,0.9922295161633163,0.008428073673919095,14
104,1,S1 Slippery-surface avoidance,standard,1,0.2833246036953715,1.3017342086505441,12.200000000000001,14.567183905326585,0,0,,,,,,0
104,1,S1 Slippery-surface avoidance,rls,1,0.2833246036953715,1.3017342086505441,12.200000000000001,14.567183905326585,108,108,,0.2,,,,0
104,2,S2 One-sided mud pit (benchmark),sindy,1,0.2676849855135123,0.3568981439190683,10.4,11.868338569027003,18,11,0.871210896630437,0.35857209906681486,0.9719346277809459,0.9783629873534034,0.05016027544865616,11
104,2,S2 One-sided mud pit (benchmark),standard,1,0.28575008375134814,0.3467342757069557,10.4,11.56802473417067,0,0,,,,,,0
104,2,S2 One-sided mud pit (benchmark),rls,1,0.26732246273533095,0.3557238776243245,10.4,11.630257168830816,90,90,,0.2,,,,0
104,3,S3 One-sided mud pit (stress),sindy,1,0.29435723189224816,0.42061514547767037,14.600000000000001,17.237947963640817,27,5,0.875166192359634,0.2838715618113814,0.9803501537063373,0.975861778264675,0.020924431120645782,15
104,3,S3 One-sided mud pit (stress),standard,0,0.3031474465610463,0.3744442080508614,,16.587208279111895,0,0,,,,,,0
104,3,S3 One-sided mud pit (stress),rls,0,0.2883760542689337,0.37492299538096857,,16.654947120974267,134,134,,0.2,,,,0
104,4,S4 Emergency avoidance with moving obstacle,sindy,1,0.24811542016894003,0.44152074971036487,9.5,11.436632162578924,17,9,0.8981998689051424,0.3518775111106064,0.9511240018403703,0.9497514495811145,0.0068907941660921864,14
104,4,S4 Emergency avoidance with moving obstacle,standard,1,0.25309920213127274,0.4391908562579504,9.5,11.309099566064216,0,0,,,,,,0
104,4,S4 Emergency avoidance with moving obstacle,rls,1,0.25144171397072024,0.42901302039862693,9.5,11.313524583964615,81,81,,0.2,,,,0
104,5,S5 Continuously varying terrain,sindy,1,0.2643969138055471,0.7170404616768133,10.3,12.299155274369259,18,8,0.9023083731316504,0.3413380309960845,0.9770778719836966,0.9768774773367921,0.009020361474971771,13
104,5,S5 Continuously varying terrain,standard,1,0.2618792066828043,0.6531519637934868,10.3,12.220142608015081,0,0,,,,,,0
104,5,S5 Continuously varying terrain,rls,1,0.2618792066828043,0.6531519637934868,10.3,12.220142608015081,89,89,,0.2,,,,0
104,6,S6 High-mismatch asymmetric mud stress,sindy,1,0.305282092853048,0.4625690592573343,16.1,19.55166111865274,30,6,0.8936640206856145,0.3082179871193811,0.9766503617005506,0.9843504301512315,0.01638897408907878,13
104,6,S6 High-mismatch asymmetric mud stress,standard,1,0.3062431882166226,0.39206031719683193,16.6,18.70956172384825,0,0,,,,,,0
104,6,S6 High-mismatch asymmetric mud stress,rls,1,0.3139087995961801,0.3967116965031285,16.5,18.75129784605684,151,151,,0.2,,,,0
105,1,S1 Slippery-surface avoidance,sindy,1,0.2758584731466595,1.3370177251136077,12.3,14.90062695251271,22,12,0.8901982756505745,0.36619030871811126,0.9838163597369958,0.98031045876763,0.00799923740981299,15
105,1,S1 Slippery-surface avoidance,standard,1,0.2827481442644766,1.296332563945111,12.200000000000001,14.575556338659347,0,0,,,,,,0
105,1,S1 Slippery-surface avoidance,rls,1,0.2827481442644766,1.296332563945111,12.200000000000001,14.575556338659347,108,108,,0.2,,,,0
105,2,S2 One-sided mud pit (benchmark),sindy,1,0.2831765664417427,0.35209987220518935,10.4,11.836160743918219,18,9,0.8895725406668309,0.34737869507307995,0.976027341400143,0.9852631515343226,0.00852093261699211,15
105,2,S2 One-sided mud pit (benchmark),standard,1,0.262135296240443,0.3431628821197086,10.5,11.59424052821714,0,0,,,,,,0
105,2,S2 One-sided mud pit (benchmark),rls,1,0.27133627583381575,0.3515785359191618,10.4,11.63485917088915,90,90,,0.2,,,,0
105,3,S3 One-sided mud pit (stress),sindy,1,0.30711869088814364,0.45640650292421947,14.3,17.31909541380757,26,2,0.9011546242194598,0.16608295438956733,0.987638652456155,0.9855070544239785,0.01567481247049877,12
105,3,S3 One-sided mud pit (stress),standard,0,0.302991673647834,0.3751986157252351,,16.60224163992231,0,0,,,,,,0
105,3,S3 One-sided mud pit (stress),rls,0,0.2897061610430199,0.37564687989269957,,16.652533371777476,134,134,,0.2,,,,0
105,4,S4 Emergency avoidance with moving obstacle,sindy,1,0.25230884998505226,0.4355458370838391,9.5,11.454039671780471,17,10,0.8809114017645926,0.35734769471663963,0.9622566668097874,0.9722712321980969,0.015885364611234923,15
105,4,S4 Emergency avoidance with moving obstacle,standard,1,0.25445846493733265,0.43447456216302566,9.5,11.313094659607211,0,0,,,,,,0
105,4,S4 Emergency avoidance with moving obstacle,rls,1,0.25892147970028795,0.4221982563357869,9.600000000000001,11.223919604462774,82,82,,0.2,,,,0
105,5,S5 Continuously varying terrain,sindy,1,0.26895292302648505,0.7346773815283292,10.3,12.276314105945879,18,2,0.8896755534111961,0.16554118813158245,0.9067435379577686,0.9284464978965481,0.01407686489788338,14
105,5,S5 Continuously varying terrain,standard,1,0.26545009263970243,0.6484981514905261,10.3,12.226071948012038,0,0,,,,,,0
105,5,S5 Continuously varying terrain,rls,1,0.26545009263970243,0.6484981514905261,10.3,12.226071948012038,89,89,,0.2,,,,0
105,6,S6 High-mismatch asymmetric mud stress,sindy,1,0.2985775204856365,0.5010981229938323,16.1,19.547812783184323,30,2,0.893004871064337,0.16520204585299564,0.983660100348002,0.9815933518726621,0.02285346066057113,12
105,6,S6 High-mismatch asymmetric mud stress,standard,1,0.2996691500474044,0.3924257492615475,16.6,18.74858294989943,0,0,,,,,,0
105,6,S6 High-mismatch asymmetric mud stress,rls,1,0.31036152204374645,0.3975697287468065,16.5,18.773242749074967,151,151,,0.2,,,,0
106,1,S1 Slippery-surface avoidance,sindy,1,0.2994263350391729,1.3506564535709167,12.200000000000001,14.917742105360857,22,8,0.8925760019575861,0.34299613754526703,0.9805560385248042,0.9835671429154416,0.011602671829179848,14
106,1,S1 Slippery-surface avoidance,standard,1,0.28361494517410973,1.2939227482880724,12.200000000000001,14.565432580272674,0,0,,,,,,0
106,1,S1 Slippery-surface avoidance,rls,1,0.28361494517410973,1.2939227482880724,12.200000000000001,14.565432580272674,108,108,,0.2,,,,0
106,2,S2 One-sided mud pit (benchmark),sindy,1,0.2762929265630706,0.3502779344022019,10.4,11.830282876267246,18,10,0.8888250234409154,0.35448473062390495,0.9819971826321805,0.9863746458040124,0.00914595071103353,15
106,2,S2 One-sided mud pit (benchmark),standard,1,0.263378656973123,0.340688836127991,10.5,11.56437177919281,0,0,,,,,,0
106,2,S2 One-sided mud pit (benchmark),rls,1,0.2667059976395843,0.34966679210940427,10.4,11.629131098525471,90,90,,0.2,,,,0
106,3,S3 One-sided mud pit (stress),sindy,1,0.30317554744779707,0.45219758725947,14.3,17.34302597754067,26,2,0.8469910045934004,0.16219258468478928,0.9739487907052526,0.9629514359307507,0.047660570425846434,15
106,3,S3 One-sided mud pit (stress),standard,0,0.2912986586962984,0.37256395803676456,,16.654056475819527,0,0,,,,,,0
106,3,S3 One-sided mud pit (stress),rls,0,0.2903286099462538,0.3706326388542441,,16.590979446185568,135,135,,0.2,,,,0
106,4,S4 Emergency avoidance with moving obstacle,sindy,1,0.24987782723060623,0.43358480784938036,9.5,11.447642542430906,17,10,0.8737238151612055,0.3563504817372688,0.9286335812679655,0.941287355447457,0.022209718953597964,15
106,4,S4 Emergency avoidance with moving obstacle,standard,1,0.25223308443671066,0.4324485984507227,9.5,11.305609770354947,0,0,,,,,,0
106,4,S4 Emergency avoidance with moving obstacle,rls,1,0.25554366259508404,0.4189805198682952,9.600000000000001,11.216754499974343,82,82,,0.2,,,,0
106,5,S5 Continuously varying terrain,sindy,1,0.2814498739732273,0.6821266523351095,10.200000000000001,12.291365943976745,18,9,0.8911412103634001,0.35339520124515156,0.9137599378430864,0.8719145522986169,0.012822778306550967,14
106,5,S5 Continuously varying terrain,standard,1,0.2609678424739512,0.6458541443018831,10.3,12.21975831528807,0,0,,,,,,0
106,5,S5 Continuously varying terrain,rls,1,0.2609678424739512,0.6458541443018831,10.3,12.21975831528807,89,89,,0.2,,,,0
106,6,S6 High-mismatch asymmetric mud stress,sindy,1,0.3008453852947556,0.4883006143670659,16.1,19.56835808888902,30,3,0.8782198502016012,0.21524143631601944,0.9753653773973899,0.9727254671054033,0.018230299646620544,15
106,6,S6 High-mismatch asymmetric mud stress,standard,1,0.3122233539426081,0.3866807511829345,16.7,18.64718811564515,0,0,,,,,,0
106,6,S6 High-mismatch asymmetric mud stress,rls,1,0.30158544907768886,0.3924924656580646,16.6,18.76950627086791,152,152,,0.2,,,,0
107,1,S1 Slippery-surface avoidance,sindy,1,0.27753011680379575,1.39769799898575,12.3,14.922759492310867,22,7,0.8634563371062602,0.32330287091843585,0.959308446962466,0.9637648730736209,0.031605723229906575,15
107,1,S1 Slippery-surface avoidance,standard,1,0.28437004357510115,1.2971269934660572,12.200000000000001,14.573400049229159,0,0,,,,,,0
107,1,S1 Slippery-surface avoidance,rls,1,0.28437004357510115,1.2971269934660572,12.200000000000001,14.573400049229159,108,108,,0.2,,,,0
107,2,S2 One-sided mud pit (benchmark),sindy,1,0.27661928539997754,0.3883053874540743,10.3,11.92033029736769,18,2,0.8623734664039404,0.16358401217593152,0.9319796557494054,0.9085179382323166,0.032622911813320776,15
107,2,S2 One-sided mud pit (benchmark),standard,1,0.2604109056123594,0.346930477099603,10.5,11.593952900989585,0,0,,,,,,0
107,2,S2 One-sided mud pit (benchmark),rls,1,0.26980264273543925,0.35575127994863853,10.4,11.634832453180731,90,90,,0.2,,,,0
107,3,S3 One-sided mud pit (stress),sindy,1,0.3021504333441171,0.44143188413339185,14.5,17.21705280250383,27,2,0.8846697329413351,0.16439274725078762,0.9641098974784217,0.9456203984516398,0.01842036808502598,14
107,3,S3 One-sided mud pit (stress),standard,0,0.3001706344549465,0.3798448437407899,,16.607724122198817,0,0,,,,,,0
107,3,S3 One-sided mud pit (stress),rls,0,0.3000374830480965,0.3783797061730209,,16.59499297141722,134,134,,0.2,,,,0
107,4,S4 Emergency avoidance with moving obstacle,sindy,1,0.25287521745431,0.43391398919729063,9.5,11.33605033193864,17,8,0.9113881307280749,0.3440338590286993,0.9619112095013997,0.9521665802727527,0.00701095577823182,12
107,4,S4 Emergency avoidance with moving obstacle,standard,1,0.2521639412843624,0.4348892280241199,9.5,11.315244467468744,0,0,,,,,,0
107,4,S4 Emergency avoidance with moving obstacle,rls,1,0.2564269731310114,0.4223068233553031,9.600000000000001,11.22660897075193,82,82,,0.2,,,,0
107,5,S5 Continuously varying terrain,sindy,1,0.2608455138225834,0.6640320405399356,10.3,12.404023717556411,18,4,0.8819800101885824,0.25662478633662444,0.8931659943309922,0.8606837776532534,0.014961942577685518,15
107,5,S5 Continuously varying terrain,standard,1,0.26466651544781583,0.6495760410938728,10.3,12.227755845014725,0,0,,,,,,0
107,5,S5 Continuously varying terrain,rls,1,0.26466651544781583,0.6495760410938728,10.3,12.227755845014725,89,89,,0.2,,,,0
107,6,S6 High-mismatch asymmetric mud stress,sindy,0,0.3063638872196565,0.23150476711557755,,18.81910178397089,32,2,0.860594197224663,0.10733268084735646,0.957896408932894,0.9489306767584841,0.03430557441621783,15
107,6,S6 High-mismatch asymmetric mud stress,standard,1,0.2966625958617446,0.3963759763883678,16.6,18.773136308349308,0,0,,,,,,0
107,6,S6 High-mismatch asymmetric mud stress,rls,1,0.3094233323309663,0.39911444826986864,16.5,18.76831787795362,151,151,,0.2,,,,0
108,1,S1 Slippery-surface avoidance,sindy,1,0.2982340482500645,1.3459167786350164,12.200000000000001,14.897237617936145,22,14,0.908138866149289,0.37154723145087726,0.9889906581633405,0.9853453727962559,0.009721388625683728,12
108,1,S1 Slippery-surface avoidance,standard,1,0.28164876317320736,1.2964138519939417,12.200000000000001,14.56113677039302,0,0,,,,,,0
108,1,S1 Slippery-surface avoidance,rls,1,0.28164876317320736,1.2964138519939417,12.200000000000001,14.56113677039302,108,108,,0.2,,,,0
108,2,S2 One-sided mud pit (benchmark),sindy,1,0.28034694679248934,0.35361786990472,10.4,11.828325300335996,18,8,0.8879103141208208,0.3377804042476751,0.9700456355398085,0.9602305064283617,0.009913429326939595,15
108,2,S2 One-sided mud pit (benchmark),standard,1,0.2668505438312995,0.35374283841637505,10.4,11.624772553437772,0,0,,,,,,0
108,2,S2 One-sided mud pit (benchmark),rls,1,0.2674000143644589,0.3528986591332476,10.4,11.624697014569254,90,90,,0.2,,,,0
108,3,S3 One-sided mud pit (stress),sindy,1,0.29811038139543894,0.4485123092701834,14.3,17.405780937706194,26,2,0.854383466611272,0.1628587877515988,0.9386472851581716,0.9531671788911735,0.040292590044930465,15
108,3,S3 One-sided mud pit (stress),standard,0,0.29584364513407624,0.3724623550599577,,16.620142987426362,0,0,,,,,,0
108,3,S3 One-sided mud pit (stress),rls,0,0.2876761866973667,0.3705073794107031,,16.583244360340377,135,135,,0.2,,,,0
108,4,S4 Emergency avoidance with moving obstacle,sindy,1,0.24959656204652642,0.4339384735172721,9.5,11.327632117465766,17,8,0.904118588054899,0.34301760443114526,0.9149486987096332,0.8973671959213578,0.007511088169496958,13
108,4,S4 Emergency avoidance with moving obstacle,standard,1,0.2505559312356677,0.43501171129904775,9.5,11.301986278393196,0,0,,,,,,0
108,4,S4 Emergency avoidance with moving obstacle,rls,1,0.2489093518962423,0.42487642650405616,9.5,11.306323913326924,81,81,,0.2,,,,0
108,5,S5 Continuously varying terrain,sindy,1,0.26678503386287883,0.7354426412360636,10.3,12.286324682036707,18,6,0.8928598074563655,0.3094820794507516,0.9671432288820048,0.9624851359911695,0.01136221087220865,14
108,5,S5 Continuously varying terrain,standard,1,0.2622357163631958,0.6475654545217483,10.3,12.216736963782465,0,0,,,,,,0
108,5,S5 Continuously varying terrain,rls,1,0.2622357163631958,0.6475654545217483,10.3,12.216736963782465,89,89,,0.2,,,,0
108,6,S6 High-mismatch asymmetric mud stress,sindy,1,0.3093233712124517,0.46876178745717084,16.1,19.522911253682494,30,3,0.8749361342014524,0.21624203680018708,0.9836832213712722,0.9834978340030172,0.021128880788767512,15
108,6,S6 High-mismatch asymmetric mud stress,standard,1,0.3057283960313997,0.3852876883022115,16.7,18.639773009456224,0,0,,,,,,0
108,6,S6 High-mismatch asymmetric mud stress,rls,1,0.2988035618341564,0.3920088710049717,16.6,18.762515332198188,152,152,,0.2,,,,0
109,1,S1 Slippery-surface avoidance,sindy,1,0.2991144699289063,1.3597831406696037,12.200000000000001,14.940338784808763,22,8,0.9116092211244073,0.34115941026096364,0.9830079555304521,0.9828673115441608,0.012423976543327862,11
109,1,S1 Slippery-surface avoidance,standard,1,0.2840421750910296,1.3023510430968244,12.200000000000001,14.579727977016104,0,0,,,,,,0
109,1,S1 Slippery-surface avoidance,rls,1,0.2840421750910296,1.3023510430968244,12.200000000000001,14.579727977016104,108,108,,0.2,,,,0
109,2,S2 One-sided mud pit (benchmark),sindy,1,0.28331854301337006,0.35966821440712693,10.4,11.826638767149962,18,11,0.884896866301616,0.3599968771003299,0.9675522567592807,0.944832853637754,0.018221230147468584,14
109,2,S2 One-sided mud pit (benchmark),standard,1,0.2845664152917909,0.35076202502611764,10.4,11.58919525557063,0,0,,,,,,0
109,2,S2 One-sided mud pit (benchmark),rls,1,0.2710542307828351,0.3601348687727737,10.4,11.640146415565216,90,90,,0.2,,,,0
109,3,S3 One-sided mud pit (stress),sindy,1,0.2937372577247432,0.4241831190462061,14.600000000000001,17.245342243629047,27,5,0.8851273026747849,0.28653773256381565,0.9894241481013715,0.9903151051596514,0.018019398733531193,14
109,3,S3 One-sided mud pit (stress),standard,1,0.3014048371470419,0.3837595045325927,14.700000000000001,16.69103867719578,0,0,,,,,,0
109,3,S3 One-sided mud pit (stress),rls,1,0.297173504521334,0.38378718194566375,14.700000000000001,16.703441029238824,133,133,,0.2,,,,0
109,4,S4 Emergency avoidance with moving obstacle,sindy,1,0.24635771508527246,0.443689954573086,9.5,11.400337064817146,17,12,0.868874263565446,0.36577972617936194,0.5003975302703745,0.38840045714174487,0.04575762684266187,12
109,4,S4 Emergency avoidance with moving obstacle,standard,1,0.25548638744756974,0.4390898878036361,9.5,11.3200434800128,0,0,,,,,,0
109,4,S4 Emergency avoidance with moving obstacle,rls,1,0.2538273660664328,0.42886504818181304,9.5,11.324355229436827,81,81,,0.2,,,,0
109,5,S5 Continuously varying terrain,sindy,1,0.2582921785107882,0.691752046907957,10.3,12.359160496256067,18,6,0.8877189860505216,0.30923171628189194,0.9573714491837926,0.9557963911422086,0.02161893649112485,13
109,5,S5 Continuously varying terrain,standard,1,0.26649783340146316,0.6542657006396168,10.3,12.23476954767425,0,0,,,,,,0
109,5,S5 Continuously varying terrain,rls,1,0.26649783340146316,0.6542657006396168,10.3,12.23476954767425,89,89,,0.2,,,,0
109,6,S6 High-mismatch asymmetric mud stress,sindy,1,0.3032060750385604,0.49312301682484744,16.1,19.530217404189273,30,4,0.902627056394534,0.25704912246635864,0.9472866221116943,0.9356464609961975,0.02620977709199657,10
109,6,S6 High-mismatch asymmetric mud stress,standard,1,0.2959122235473396,0.3979963085240793,16.6,18.78419151482401,0,0,,,,,,0
109,6,S6 High-mismatch asymmetric mud stress,rls,1,0.3022792122644655,0.4042652893996172,16.5,18.820288304635977,151,151,,0.2,,,,0
110,1,S1 Slippery-surface avoidance,sindy,1,0.2968393328925503,1.3453678027411264,12.200000000000001,14.677005725268039,22,7,0.8542312585100743,0.16127598829260825,0.9526847216647407,0.967969644842269,0.04707906793619809,14
110,1,S1 Slippery-surface avoidance,standard,1,0.28581019736461577,1.2933003888694337,12.200000000000001,14.575186539878779,0,0,,,,,,0
110,1,S1 Slippery-surface avoidance,rls,1,0.28581019736461577,1.2933003888694337,12.200000000000001,14.575186539878779,108,108,,0.2,,,,0
110,2,S2 One-sided mud pit (benchmark),sindy,1,0.28500312440920617,0.3540720928304451,10.4,11.834128237413504,18,8,0.8861476651844596,0.33726578888701414,0.9472748897805622,0.9329867063588586,0.01140072171421471,15
110,2,S2 One-sided mud pit (benchmark),standard,1,0.26088196857959206,0.34352276880596233,10.5,11.594026996563786,0,0,,,,,,0
110,2,S2 One-sided mud pit (benchmark),rls,1,0.2798007524058666,0.3533607920942282,10.4,11.603600697079685,90,90,,0.2,,,,0
110,3,S3 One-sided mud pit (stress),sindy,1,0.30795256413844235,0.4813067178476565,14.3,17.276633286051947,26,1,0.9124671335661587,0.09518569234613874,0.9884762201829959,0.9869857896715838,0.011694989939047218,11
110,3,S3 One-sided mud pit (stress),standard,0,0.303134497437569,0.3754594247970578,,16.617100352541673,0,0,,,,,,0
110,3,S3 One-sided mud pit (stress),rls,0,0.2872952555252264,0.37575011633190664,,16.679383468742095,134,134,,0.2,,,,0
110,4,S4 Emergency avoidance with moving obstacle,sindy,1,0.2435043725738765,0.4360853225036597,9.5,11.37936855031041,17,10,0.8856340291123886,0.357609776683666,0.9233721912866428,0.8740544405329356,0.011836208110756282,15
110,4,S4 Emergency avoidance with moving obstacle,standard,1,0.25317343619611776,0.4314000390130411,9.5,11.311708174753191,0,0,,,,,,0
110,4,S4 Emergency avoidance with moving obstacle,rls,1,0.25661770655632693,0.4190054660398913,9.600000000000001,11.22320880356012,82,82,,0.2,,,,0
110,5,S5 Continuously varying terrain,sindy,1,0.26216541430969453,0.7020919711326309,10.3,12.300862619717272,18,2,0.8870987722730342,0.16480862496233795,0.9434337445849627,0.9410613451966919,0.01059682058039953,15
110,5,S5 Continuously varying terrain,standard,1,0.26512920258391615,0.6456167311303229,10.3,12.229554259120292,0,0,,,,,,0
110,5,S5 Continuously varying terrain,rls,1,0.26512920258391615,0.6456167311303229,10.3,12.229554259120292,89,89,,0.2,,,,0
110,6,S6 High-mismatch asymmetric mud stress,sindy,1,0.3103689873060882,0.49586389214887927,16.1,19.490733177542452,30,2,0.8318434223036096,0.1601974430864268,0.820696201002937,0.7189530044106309,0.06366298361673141,15
110,6,S6 High-mismatch asymmetric mud stress,standard,1,0.3048577485592643,0.3923026028804483,16.6,18.76210312601354,0,0,,,,,,0
110,6,S6 High-mismatch asymmetric mud stress,rls,1,0.2996178585709862,0.3969979134239399,16.6,18.79317301299732,152,152,,0.2,,,,0
111,1,S1 Slippery-surface avoidance,sindy,1,0.2986572620506341,1.3712010839649669,12.200000000000001,14.903705024123656,22,7,0.8991032550974719,0.3262966752807335,0.9931598571982686,0.9935731385553848,0.0061441465372863826,14
111,1,S1 Slippery-surface avoidance,standard,1,0.2805902392220451,1.2943572351739376,12.200000000000001,14.554526521503533,0,0,,,,,,0
111,1,S1 Slippery-surface avoidance,rls,1,0.2805902392220451,1.2943572351739376,12.200000000000001,14.554526521503533,108,108,,0.2,,,,0
111,2,S2 One-sided mud pit (benchmark),sindy,1,0.2715721998909739,0.3687399217423928,10.4,11.832784530568688,18,6,0.857067863324516,0.3069280173612712,0.8271925582260513,0.72107415932276,0.04422791546456232,14
111,2,S2 One-sided mud pit (benchmark),standard,1,0.2614034202894121,0.3416168700730648,10.5,11.562413961070227,0,0,,,,,,0
111,2,S2 One-sided mud pit (benchmark),rls,1,0.26425564074562874,0.35158557030243204,10.4,11.627637274308507,90,90,,0.2,,,,0
111,3,S3 One-sided mud pit (stress),sindy,1,0.3017274323823631,0.44927574874620024,14.5,17.20737460387602,27,2,0.8471307646786275,0.16225913652176435,0.973531290663682,0.9645728550491153,0.04751872584685395,15
111,3,S3 One-sided mud pit (stress),standard,0,0.29447433421817454,0.3739999128013752,,16.6157912860213,0,0,,,,,,0
111,3,S3 One-sided mud pit (stress),rls,0,0.28566380831946875,0.3716445412450215,,16.57918650440492,135,135,,0.2,,,,0
111,4,S4 Emergency avoidance with moving obstacle,sindy,1,0.2494367163077214,0.4305261840743911,9.5,11.33149717591918,17,8,0.9220804542473812,0.348433109282122,0.976653017014844,0.9778172886241249,0.009211199514573982,10
111,4,S4 Emergency avoidance with moving obstacle,standard,1,0.25039169732767863,0.43153783315452937,9.5,11.306348093614632,0,0,,,,,,0
111,4,S4 Emergency avoidance with moving obstacle,rls,1,0.25417641136306085,0.4184825155740994,9.600000000000001,11.217627454381207,82,82,,0.2,,,,0
111,5,S5 Continuously varying terrain,sindy,1,0.2757447602063757,0.7709803715677216,10.3,12.283909665928602,18,3,0.8734173114496219,0.21637299047627756,0.8655990207511033,0.90690388383233,0.02854266548576672,14
111,5,S5 Continuously varying terrain,standard,1,0.25993897484936046,0.6461432591452972,10.3,12.22355399315163,0,0,,,,,,0
111,5,S5 Continuously varying terrain,rls,1,0.25993897484936046,0.6461432591452972,10.3,12.22355399315163,89,89,,0.2,,,,0
111,6,S6 High-mismatch asymmetric mud stress,sindy,1,0.30151741278811217,0.4872244012778584,16.1,19.532048199702604,30,2,0.8493168482699373,0.16245706253705122,0.9615030219229884,0.9439263215952314,0.05211698082629011,14
111,6,S6 High-mismatch asymmetric mud stress,standard,1,0.3100330337057505,0.3894386328738127,16.6,18.68128338294455,0,0,,,,,,0
111,6,S6 High-mismatch asymmetric mud stress,rls,1,0.3142083633212758,0.39450914676207854,16.5,18.74897285284255,151,151,,0.2,,,,0
112,1,S1 Slippery-surface avoidance,sindy,1,0.2783063231903959,1.34461832500853,12.3,14.963091939798941,22,9,0.8904153423489434,0.35048615369258235,0.9904742172806807,0.989074724035818,0.007818579430098067,15
112,1,S1 Slippery-surface avoidance,standard,1,0.2842394338852551,1.2953597879716925,12.200000000000001,14.580080110005055,0,0,,,,,,0
112,1,S1 Slippery-surface avoidance,rls,1,0.2842394338852551,1.2953597879716925,12.200000000000001,14.580080110005055,108,108,,0.2,,,,0
112,2,S2 One-sided mud pit (benchmark),sindy,1,0.2834951306180688,0.35074517840630415,10.4,11.87833579659208,18,5,0.9057052251484159,0.2885194113781391,0.9806404029644344,0.9791606377175446,0.011775787905203668,12
112,2,S2 One-sided mud pit (benchmark),standard,1,0.2639685282795108,0.34165841047512946,10.5,11.60055396548456,0,0,,,,,,0
112,2,S2 One-sided mud pit (benchmark),rls,1,0.27307012652235757,0.3505798246517113,10.4,11.641378826374593,90,90,,0.2,,,,0
112,3,S3 One-sided mud pit (stress),sindy,1,0.29721455741745295,0.4311599633750049,14.600000000000001,17.204400668054763,27,5,0.8689389082756361,0.28564051267627166,0.9458750748374883,0.9223287211423007,0.026533636921432863,15
112,3,S3 One-sided mud pit (stress),standard,0,0.3071903883848882,0.37289679066384407,,16.60505743598809,0,0,,,,,,0
112,3,S3 One-sided mud pit (stress),rls,0,0.28711627626635516,0.3728194709381209,,16.62033305880784,135,135,,0.2,,,,0
112,4,S4 Emergency avoidance with moving obstacle,sindy,1,0.2535009837831156,0.4326541471159108,9.5,11.426069372111346,17,10,0.8857407120304321,0.359991291238031,0.9536775218196677,0.9630514159814533,0.01174567893254338,15
112,4,S4 Emergency avoidance with moving obstacle,standard,1,0.254723897232573,0.4336450925597801,9.5,11.315137165835036,0,0,,,,,,0
112,4,S4 Emergency avoidance with moving obstacle,rls,1,0.25949103583297073,0.42156145488673924,9.600000000000001,11.226933582568734,82,82,,0.2,,,,0
112,5,S5 Continuously varying terrain,sindy,1,0.2676818290732191,0.7039562796699586,10.3,12.30474628357485,18,8,0.899429891305045,0.34191463868665684,0.9709112082234947,0.967736631809066,0.011444010513053505,13
112,5,S5 Continuously varying terrain,standard,1,0.2673883587964736,0.6489851663544357,10.3,12.233101612360121,0,0,,,,,,0
112,5,S5 Continuously varying terrain,rls,1,0.2673883587964736,0.6489851663544357,10.3,12.233101612360121,89,89,,0.2,,,,0
112,6,S6 High-mismatch asymmetric mud stress,sindy,1,0.30072107176904694,0.46731816758419087,16.1,19.64949632909371,30,5,0.8696208167671233,0.2842391678846374,0.9780041693482104,0.9792102649115222,0.025911683739606346,15
112,6,S6 High-mismatch asymmetric mud stress,standard,1,0.30850184489289445,0.3908698914174942,16.6,18.750798860853763,0,0,,,,,,0
112,6,S6 High-mismatch asymmetric mud stress,rls,1,0.300573989194779,0.395434149116808,16.6,18.79799778454888,152,152,,0.2,,,,0
113,1,S1 Slippery-surface avoidance,sindy,1,0.27782357918791706,1.3577226974386631,12.3,14.910830230150905,22,3,0.8898136470258685,0.21855708469930873,0.9890289876037757,0.9880529059123578,0.008319753371066847,15
113,1,S1 Slippery-surface avoidance,standard,1,0.2817840789564031,1.298026388107913,12.200000000000001,14.565665079033744,0,0,,,,,,0
113,1,S1 Slippery-surface avoidance,rls,1,0.2817840789564031,1.298026388107913,12.200000000000001,14.565665079033744,108,108,,0.2,,,,0
113,2,S2 One-sided mud pit (benchmark),sindy,1,0.26581687777714974,0.3859208160627332,10.4,11.824179232868998,18,1,0.8714440889259902,0.09292942489092948,0.9523876322969383,0.9486166957771176,0.024258156087817277,15
113,2,S2 One-sided mud pit (benchmark),standard,1,0.28739198735648075,0.34217994215785985,10.4,11.566494805432189,0,0,,,,,,0
113,2,S2 One-sided mud pit (benchmark),rls,1,0.26890666770461236,0.3510839641414915,10.4,11.629029767639611,90,90,,0.2,,,,0
113,3,S3 One-sided mud pit (stress),sindy,1,0.30789152757318733,0.48155136322012415,14.3,17.2508224130583,26,1,0.8694954094789601,0.09282224752134281,0.967654972531599,0.9619773018643812,0.026025919820240172,15
113,3,S3 One-sided mud pit (stress),standard,0,0.2988259739190237,0.3743603668924765,,16.617198980584412,0,0,,,,,,0
113,3,S3 One-sided mud pit (stress),rls,0,0.2871829298519761,0.3724917541412628,,16.59717609026048,135,135,,0.2,,,,0
113,4,S4 Emergency avoidance with moving obstacle,sindy,1,0.24981883039491223,0.4367144354756706,9.5,11.44573675699091,17,13,0.8707519300998136,0.3667701076601479,0.8649301923036783,0.7398562968569138,0.024884267008477266,15
113,4,S4 Emergency avoidance with moving obstacle,standard,1,0.2514361944218783,0.435582010877945,9.5,11.307616206581862,0,0,,,,,,0
113,4,S4 Emergency avoidance with moving obstacle,rls,1,0.25600432002707973,0.42251149668582383,9.600000000000001,11.21881924007138,82,82,,0.2,,,,0
113,5,S5 Continuously varying terrain,sindy,1,0.25960523128754476,0.6865669845526106,10.3,12.295059912644863,18,4,0.9054375305427101,0.25872821596751705,0.9501498859948209,0.9347357201786601,0.012003060536505981,12
113,5,S5 Continuously varying terrain,standard,1,0.2635414715230913,0.6497843968152611,10.3,12.22281376052076,0,0,,,,,,0
113,5,S5 Continuously varying terrain,rls,1,0.2635414715230913,0.6497843968152611,10.3,12.22281376052076,89,89,,0.2,,,,0
113,6,S6 High-mismatch asymmetric mud stress,sindy,1,0.3008835226057702,0.51005878967655,16.1,19.509412129965376,30,1,0.8755554864664892,0.09315555175565692,0.9536217435807378,0.9445776967005697,0.026579397820362043,14
113,6,S6 High-mismatch asymmetric mud stress,standard,1,0.30948845010872955,0.38590216900589946,16.7,18.638805149149835,0,0,,,,,,0
113,6,S6 High-mismatch asymmetric mud stress,rls,1,0.2978017051750154,0.394170136042312,16.6,18.782021177062013,152,152,,0.2,,,,0
114,1,S1 Slippery-surface avoidance,sindy,1,0.29878810610007045,1.3441315554668105,12.200000000000001,14.866672617150261,22,13,0.8849942142065595,0.3673648067189938,0.9907277543929703,0.9912034858087362,0.01813594156610405,14
114,1,S1 Slippery-surface avoidance,standard,1,0.2811340372227215,1.2986682024970713,12.200000000000001,14.554658060520978,0,0,,,,,,0
114,1,S1 Slippery-surface avoidance,rls,1,0.2811340372227215,1.2986682024970713,12.200000000000001,14.554658060520978,108,108,,0.2,,,,0
114,2,S2 One-sided mud pit (benchmark),sindy,1,0.26827909734814587,0.3884750253972867,10.4,11.817287927990726,18,3,0.8753447414064918,0.2170926613927503,0.9756073539907874,0.9807441030381341,0.020765900845064095,15
114,2,S2 One-sided mud pit (benchmark),standard,1,0.268385531282668,0.35428000549993605,10.4,11.606041141275453,0,0,,,,,,0
114,2,S2 One-sided mud pit (benchmark),rls,1,0.26605343907780327,0.3533542885186265,10.4,11.619029745727712,90,90,,0.2,,,,0
114,3,S3 One-sided mud pit (stress),sindy,1,0.28953324417305476,0.4112817735986443,14.3,17.452776767548038,26,4,0.8457898611398021,0.25370323541965345,0.9549255259654142,0.9771300124291645,0.048883794164720606,15
114,3,S3 One-sided mud pit (stress),standard,0,0.2946521434285847,0.3726206155712128,,16.59338950334406,0,0,,,,,,0
114,3,S3 One-sided mud pit (stress),rls,0,0.30503062545043125,0.3721016587617642,,16.61938442907845,133,133,,0.2,,,,0
114,4,S4 Emergency avoidance with moving obstacle,sindy,1,0.251517056057577,0.4351286072541967,9.5,11.397486936061766,17,11,0.8886375762801806,0.3625518060046045,0.9764121002827414,0.9739575558009951,0.009302986818552362,15
114,4,S4 Emergency avoidance with moving obstacle,standard,1,0.2499338934987084,0.4362000429284626,9.5,11.299957619947008,0,0,,,,,,0
114,4,S4 Emergency avoidance with moving obstacle,rls,1,0.2540458412011911,0.42332085283046267,9.600000000000001,11.210682927689298,82,82,,0.2,,,,0
114,5,S5 Continuously varying terrain,sindy,1,0.2757756123861918,0.7753950097499136,10.3,12.26223396192222,18,3,0.8742508560540284,0.21678760706242708,0.8442448680952973,0.8684992158339775,0.021739119904271843,15
114,5,S5 Continuously varying terrain,standard,1,0.26129393984945753,0.6500181986147268,10.3,12.213483693664736,0,0,,,,,,0
114,5,S5 Continuously varying terrain,rls,1,0.26129393984945753,0.6500181986147268,10.3,12.213483693664736,89,89,,0.2,,,,0
114,6,S6 High-mismatch asymmetric mud stress,sindy,1,0.30228979239777937,0.4745614381830998,16.1,19.478731887901194,30,2,0.8494820065339794,0.15804193648719184,0.8774713130803584,0.8619271033383167,0.051945595044735615,14
114,6,S6 High-mismatch asymmetric mud stress,standard,1,0.30483877899214123,0.38803530917208845,16.7,18.60816476092871,0,0,,,,,,0
114,6,S6 High-mismatch asymmetric mud stress,rls,1,0.3109325058317185,0.39509399280986185,16.5,18.731911580850664,151,151,,0.2,,,,0
115,1,S1 Slippery-surface avoidance,sindy,1,0.2766668475478831,1.3558791746254708,12.3,14.941871464373628,22,11,0.8983255035915486,0.3637495175747092,0.9894138401400672,0.987399214437362,0.01813773193920168,12
115,1,S1 Slippery-surface avoidance,standard,1,0.2837080327575706,1.2982786495951966,12.200000000000001,14.573983206767537,0,0,,,,,,0
115,1,S1 Slippery-surface avoidance,rls,1,0.2837080327575706,1.2982786495951966,12.200000000000001,14.573983206767537,108,108,,0.2,,,,0
115,2,S2 One-sided mud pit (benchmark),sindy,1,0.2775658121777826,0.3879014005866456,10.3,11.918007658604242,18,2,0.8855560087858569,0.16492867786168655,0.9783406650773613,0.9726110815642214,0.011902440688671346,15
115,2,S2 One-sided mud pit (benchmark),standard,1,0.26098581295049267,0.3450414275017649,10.5,11.598139262201343,0,0,,,,,,0
115,2,S2 One-sided mud pit (benchmark),rls,1,0.2705351737154988,0.3542814346834177,10.4,11.63920083309691,90,90,,0.2,,,,0
115,3,S3 One-sided mud pit (stress),sindy,1,0.3048764766553061,0.43560864657815856,14.5,17.208440621716086,27,6,0.8886165420101163,0.3091633961367905,0.9495658082116691,0.9444310365749573,0.014987924818636087,14
115,3,S3 One-sided mud pit (stress),standard,1,0.30205572367289163,0.3839454624652684,14.700000000000001,16.688619659377622,0,0,,,,,,0
115,3,S3 One-sided mud pit (stress),rls,1,0.2970958149220113,0.3839754851026659,14.700000000000001,16.70414740250366,133,133,,0.2,,,,0
115,4,S4 Emergency avoidance with moving obstacle,sindy,1,0.261238778232176,0.43440105152069447,9.5,11.430090055715908,17,11,0.8983937216819017,0.36541243921526395,0.9670076602591656,0.9621936405911625,0.006730340013906319,14
115,4,S4 Emergency avoidance with moving obstacle,standard,1,0.254506113877192,0.4353568900401185,9.5,11.319187053686926,0,0,,,,,,0
115,4,S4 Emergency avoidance with moving obstacle,rls,1,0.259005883439219,0.42233067917639144,9.600000000000001,11.23035115534023,82,82,,0.2,,,,0
115,5,S5 Continuously varying terrain,sindy,1,0.25739605771108115,0.6981817725607572,10.3,12.337803818754676,18,11,0.8557944002858819,0.3589852037096273,0.5578245929175494,0.2626550713497071,0.038916660865542185,15
115,5,S5 Continuously varying terrain,standard,1,0.26441584585170624,0.650598197881318,10.3,12.232159179617765,0,0,,,,,,0
115,5,S5 Continuously varying terrain,rls,1,0.26432753561939115,0.650598197881318,10.3,12.232159179617765,89,89,,0.2,,,,0
115,6,S6 High-mismatch asymmetric mud stress,sindy,1,0.3153576728339251,0.5223480161575802,16.0,19.505830875396214,30,1,0.876348371811642,0.09319916044964033,0.9034287211544,0.8866699416229359,0.04494725866594934,11
115,6,S6 High-mismatch asymmetric mud stress,standard,1,0.3011526855113848,0.3999919403587594,16.6,18.77095977554694,0,0,,,,,,0
115,6,S6 High-mismatch asymmetric mud stress,rls,1,0.3152529733982499,0.4030937402117125,16.5,18.778887932186908,151,151,,0.2,,,,0
116,1,S1 Slippery-surface avoidance,sindy,1,0.2830370178531784,1.3299175919387114,12.3,14.940910275120082,22,8,0.8989779721067139,0.34094029640347506,0.9922264779088146,0.9929823969545313,0.00624752645508002,14
116,1,S1 Slippery-surface avoidance,standard,1,0.2868267319243596,1.2930792000007576,12.200000000000001,14.581817325962911,0,0,,,,,,0
116,1,S1 Slippery-surface avoidance,rls,1,0.2868267319243596,1.2930792000007576,12.200000000000001,14.581817325962911,108,108,,0.2,,,,0
116,2,S2 One-sided mud pit (benchmark),sindy,1,0.2799601834756901,0.37062628054488383,10.4,11.891794646398232,18,3,0.8651318574675042,0.21689296786753384,0.9404956084178565,0.9392007850252748,0.030041957434768736,15
116,2,S2 One-sided mud pit (benchmark),standard,1,0.2842789746576646,0.34355655560530585,10.4,11.592674784298756,0,0,,,,,,0
116,2,S2 One-sided mud pit (benchmark),rls,1,0.28071275010611973,0.3531933153717608,10.4,11.61198942483619,90,90,,0.2,,,,0
116,3,S3 One-sided mud pit (stress),sindy,1,0.2892836300335385,0.45146682635455565,14.4,17.36859935723345,26,2,0.8872524962824383,0.1645154895860345,0.9836777446443008,0.9833331249556603,0.022035162166289795,13
116,3,S3 One-sided mud pit (stress),standard,0,0.30505441807754446,0.3754632047446715,,16.62201180731683,0,0,,,,,,0
116,3,S3 One-sided mud pit (stress),rls,0,0.3062501308929037,0.37413188567026273,,16.60974751029703,134,134,,0.2,,,,0
116,4,S4 Emergency avoidance with moving obstacle,sindy,1,0.25715997307872446,0.429352064568804,9.5,11.443303198948271,17,11,0.8905031359367122,0.36255481671046497,0.924214323376385,0.8856350321648233,0.007745557832710518,15
116,4,S4 Emergency avoidance with moving obstacle,standard,1,0.2560346610346633,0.4302583235974683,9.5,11.317871215033405,0,0,,,,,,0
116,4,S4 Emergency avoidance with moving obstacle,rls,1,0.2600145910117694,0.41831240540983083,9.600000000000001,11.229686586032473,82,82,,0.2,,,,0
116,5,S5 Continuously varying terrain,sindy,1,0.2634375257515822,0.6541831214511414,10.3,12.260995730213152,18,1,0.8936874175135197,0.0941528079632436,0.9590872512715186,0.9553315949149113,0.01066264484882212,14
116,5,S5 Continuously varying terrain,standard,1,0.2658376578614785,0.6460469294092916,10.3,12.233742782768232,0,0,,,,,,0
116,5,S5 Continuously varying terrain,rls,1,0.2658376578614785,0.6460469294092916,10.3,12.233742782768232,89,89,,0.2,,,,0
116,6,S6 High-mismatch asymmetric mud stress,sindy,1,0.30575121844477,0.5132757286744308,16.1,19.515218933858247,30,1,0.883493212368883,0.09359212668028859,0.9662956119453359,0.9602398877662576,0.031571175576433436,12
116,6,S6 High-mismatch asymmetric mud stress,standard,1,0.3061343385561544,0.39199582629662655,16.6,18.782715038101934,0,0,,,,,,0
116,6,S6 High-mismatch asymmetric mud stress,rls,1,0.3026845187594432,0.39565928826496394,16.6,18.805290030354364,152,152,,0.2,,,,0
117,1,S1 Slippery-surface avoidance,sindy,1,0.2986922669556237,1.3470846789251703,12.200000000000001,14.905015766487049,22,9,0.896593116636476,0.3511345884399445,0.9860799564856063,0.9826683739594507,0.008225699989474568,14
117,1,S1 Slippery-surface avoidance,standard,1,0.28428044576897443,1.2972498647203554,12.200000000000001,14.565599969725666,0,0,,,,,,0
117,1,S1 Slippery-surface avoidance,rls,1,0.28428044576897443,1.2972498647203554,12.200000000000001,14.565599969725666,108,108,,0.2,,,,0
117,2,S2 One-sided mud pit (benchmark),sindy,1,0.27376688905390795,0.35641699667891974,10.4,11.851790257897925,18,10,0.9077599807536331,0.35713860096965866,0.9812344990290707,0.9766645432173594,0.010039847456314475,12
117,2,S2 One-sided mud pit (benchmark),standard,1,0.28544584528660133,0.34652849368854083,10.4,11.569162322380722,0,0,,,,,,0
117,2,S2 One-sided mud pit (benchmark),rls,1,0.26693978428657295,0.35497621529962514,10.4,11.631862717627238,90,90,,0.2,,,,0
117,3,S3 One-sided mud pit (stress),sindy,1,0.2932331745987488,0.41724145414311437,14.600000000000001,17.21822521995461,27,7,0.862154757876569,0.32506601100291843,0.9523025361653892,0.9578494560052081,0.03282898390390203,15
117,3,S3 One-sided mud pit (stress),standard,0,0.3044241061671842,0.37753598510821684,,16.599921143124323,0,0,,,,,,0
117,3,S3 One-sided mud pit (stress),rls,0,0.28886395987658753,0.37717129778222835,,16.652842298244064,134,134,,0.2,,,,0
117,4,S4 Emergency avoidance with moving obstacle,sindy,1,0.24897350659634102,0.4362209363337067,9.5,11.36595780688625,17,11,0.8783116481743071,0.36419708417132457,0.7770490234883083,0.6167015108312401,0.018149868855518853,15
117,4,S4 Emergency avoidance with moving obstacle,standard,1,0.2528702761154184,0.43511364333549907,9.5,11.31090944324839,0,0,,,,,,0
117,4,S4 Emergency avoidance with moving obstacle,rls,1,0.25718119590853267,0.42224333015656595,9.600000000000001,11.222126187599468,82,82,,0.2,,,,0
117,5,S5 Continuously varying terrain,sindy,1,0.26113667309017713,0.6778730010305805,10.3,12.242782585303793,18,6,0.8961349769768466,0.045800500415631364,0.9280014107483586,0.9471626437377775,0.014254828341103568,13
117,5,S5 Continuously varying terrain,standard,1,0.26217086608747436,0.6486076081329375,10.3,12.225550183338976,0,0,,,,,,0
117,5,S5 Continuously varying terrain,rls,1,0.26217086608747436,0.6486076081329375,10.3,12.225550183338976,89,89,,0.2,,,,0
117,6,S6 High-mismatch asymmetric mud stress,sindy,1,0.3095082387850908,0.4872946945986232,16.1,19.544477101009154,30,4,0.8594827498215354,0.25688083321125793,0.9229889285283233,0.9136176957490245,0.03536390432883304,15
117,6,S6 High-mismatch asymmetric mud stress,standard,1,0.303603749966694,0.39610888710672354,16.6,18.754516469326784,0,0,,,,,,0
117,6,S6 High-mismatch asymmetric mud stress,rls,1,0.3160951545747503,0.40360204868648986,16.5,18.774381860445327,151,151,,0.2,,,,0
118,1,S1 Slippery-surface avoidance,sindy,1,0.29829297220569034,1.3442716278126452,12.200000000000001,14.907307981104356,22,9,0.880472800569181,0.3478243343234235,0.96769796909923,0.9710365246206546,0.016265612851474907,15
118,1,S1 Slippery-surface avoidance,standard,1,0.2794948535498896,1.294851107632787,12.200000000000001,14.556478771429216,0,0,,,,,,0
118,1,S1 Slippery-surface avoidance,rls,1,0.2794948535498896,1.294851107632787,12.200000000000001,14.556478771429216,108,108,,0.2,,,,0
118,2,S2 One-sided mud pit (benchmark),sindy,1,0.2667725447457448,0.3687134416414541,10.4,11.840631382400256,18,12,0.9017887776915909,0.36492427851710774,0.9663951044964808,0.9715790594493827,0.009455688218817555,13
118,2,S2 One-sided mud pit (benchmark),standard,1,0.28325116398356853,0.3500059296124224,10.4,11.559065123964755,0,0,,,,,,0
118,2,S2 One-sided mud pit (benchmark),rls,1,0.2636857947272221,0.3501231902540491,10.4,11.623259923981447,90,90,,0.2,,,,0
118,3,S3 One-sided mud pit (stress),sindy,1,0.29687768329128195,0.48545239659114847,14.3,17.256204171863697,26,1,0.8527156279078032,0.09189935953492918,0.9052563913807871,0.889747519643013,0.04193135373395322,15
118,3,S3 One-sided mud pit (stress),standard,0,0.2980395293295187,0.3780171284722741,,16.57598513683337,0,0,,,,,,0
118,3,S3 One-sided mud pit (stress),rls,0,0.29869765789044106,0.37797082489236605,,16.56833396574465,134,134,,0.2,,,,0
118,4,S4 Emergency avoidance with moving obstacle,sindy,1,0.24697216467449756,0.44472763378985886,9.5,11.349976018403767,17,8,0.9251777691579155,0.3421857032402479,0.9851559599050864,0.9862994470094639,0.006633245115736272,10
118,4,S4 Emergency avoidance with moving obstacle,standard,1,0.25026889668319563,0.4333966326998532,9.5,11.303877079474384,0,0,,,,,,0
118,4,S4 Emergency avoidance with moving obstacle,rls,1,0.25526503012280854,0.41989779444941805,9.600000000000001,11.215008384120374,82,82,,0.2,,,,0
118,5,S5 Continuously varying terrain,sindy,1,0.2824918679921614,0.6823298479535397,10.200000000000001,12.283229737693913,18,6,0.8991301758120714,0.31008648586247756,0.9582272076890793,0.9494397550468049,0.011698064104808498,13
118,5,S5 Continuously varying terrain,standard,1,0.2577915092805513,0.6459188787329248,10.3,12.215915087331489,0,0,,,,,,0
118,5,S5 Continuously varying terrain,rls,1,0.2577915092805513,0.6459188787329248,10.3,12.215915087331489,89,89,,0.2,,,,0
118,6,S6 High-mismatch asymmetric mud stress,sindy,1,0.3129664762394414,0.5167925987641492,16.0,19.442784844928635,30,1,0.8553771728719375,0.09204574450795658,0.9103926632956602,0.8896292241351218,0.045922378998062424,14
118,6,S6 High-mismatch asymmetric mud stress,standard,1,0.29765915461843606,0.3974662773225854,16.6,18.733839434155016,0,0,,,,,,0
118,6,S6 High-mismatch asymmetric mud stress,rls,1,0.31069395103044234,0.40032079557660627,16.5,18.728863663103763,151,151,,0.2,,,,0
119,1,S1 Slippery-surface avoidance,sindy,1,0.2779202731663061,1.33032616954755,12.3,14.936752772249731,22,6,0.8865229508140139,0.3106646771032666,0.9855282473112177,0.9839279687623878,0.011083134205526644,15
119,1,S1 Slippery-surface avoidance,standard,1,0.28450793465508256,1.2944598311065938,12.200000000000001,14.57394190165263,0,0,,,,,,0
119,1,S1 Slippery-surface avoidance,rls,1,0.28450793465508256,1.2944598311065938,12.200000000000001,14.57394190165263,108,108,,0.2,,,,0
119,2,S2 One-sided mud pit (benchmark),sindy,1,0.2797122118116266,0.35157293827724706,10.4,11.824295146093847,18,8,0.8931665617783312,0.33913031364573304,0.9149733061161485,0.8666856886043504,0.01682139313280915,13
119,2,S2 One-sided mud pit (benchmark),standard,1,0.26026910436982353,0.34332065735613115,10.5,11.593650154117666,0,0,,,,,,0
119,2,S2 One-sided mud pit (benchmark),rls,1,0.2686734920244187,0.3526226805278101,10.4,11.634279515689045,90,90,,0.2,,,,0
119,3,S3 One-sided mud pit (stress),sindy,1,0.3048906471225862,0.48038277916766015,14.3,17.29055406310373,26,2,0.8448663620837558,0.16237794356533344,0.7877537583853308,0.5921983767173786,0.04982938337736354,15
119,3,S3 One-sided mud pit (stress),standard,0,0.30261210047334564,0.3760347469190047,,16.605521451190146,0,0,,,,,,0
119,3,S3 One-sided mud pit (stress),rls,0,0.29079009504744946,0.37626242035378826,,16.66122080258199,134,134,,0.2,,,,0
119,4,S4 Emergency avoidance with moving obstacle,sindy,1,0.25057516772924826,0.4336092024760223,9.600000000000001,11.278404861894547,17,11,0.9043970339407592,0.36331521950334433,0.9202674091251766,0.8840213828748175,0.012888902815160263,12
119,4,S4 Emergency avoidance with moving obstacle,standard,1,0.2537509184217095,0.43365533277229906,9.5,11.31148214611574,0,0,,,,,,0
119,4,S4 Emergency avoidance with moving obstacle,rls,1,0.2577674342703661,0.42089316463386967,9.600000000000001,11.222481934419376,82,82,,0.2,,,,0
119,5,S5 Continuously varying terrain,sindy,1,0.260272387533483,0.6464127367950612,10.3,12.370909406287373,18,3,0.8710830019814212,0.14615533653456037,0.7610760949029788,0.9099596083346447,0.024584542455680865,15
119,5,S5 Continuously varying terrain,standard,1,0.26319329739812275,0.6464127367950612,10.3,12.22450228066745,0,0,,,,,,0
119,5,S5 Continuously varying terrain,rls,1,0.26319329739812275,0.6464127367950612,10.3,12.22450228066745,89,89,,0.2,,,,0
119,6,S6 High-mismatch asymmetric mud stress,sindy,1,0.2993197518643107,0.5263500584962161,16.1,19.498227675478972,30,1,0.9057135549114613,0.09481424552013039,0.9832093878815868,0.981977842488344,0.023414458238700704,10
119,6,S6 High-mismatch asymmetric mud stress,standard,1,0.31377925482011926,0.39144250516441187,16.6,18.714205746008716,0,0,,,,,,0
119,6,S6 High-mismatch asymmetric mud stress,rls,1,0.2985388260974414,0.3965610411282787,16.6,18.79953569191589,152,152,,0.2,,,,0
120,1,S1 Slippery-surface avoidance,sindy,1,0.27545352309406257,1.3510986769427114,12.3,14.958627281244958,22,10,0.8795627250628213,0.35616836820511666,0.9917755175878323,0.9900536241456925,0.01705692277678929,15
120,1,S1 Slippery-surface avoidance,standard,1,0.2836883554375516,1.2945115112702814,12.200000000000001,14.579021045356379,0,0,,,,,,0
120,1,S1 Slippery-surface avoidance,rls,1,0.2836883554375516,1.2945115112702814,12.200000000000001,14.579021045356379,108,108,,0.2,,,,0
120,2,S2 One-sided mud pit (benchmark),sindy,1,0.2821833105798182,0.35108463677459484,10.4,11.838010668629664,18,7,0.9006745792668929,0.32535335574314556,0.9780373536567737,0.9816727182820052,0.01609058966417124,12
120,2,S2 One-sided mud pit (benchmark),standard,1,0.2691628269279575,0.34017824825965515,10.5,11.573904693027774,0,0,,,,,,0
120,2,S2 One-sided mud pit (benchmark),rls,1,0.2721313816228809,0.34926722090355256,10.4,11.638760867486264,90,90,,0.2,,,,0
120,3,S3 One-sided mud pit (stress),sindy,1,0.29920770061293395,0.4283859159810726,14.5,17.283305654033025,27,5,0.887859222188521,0.2873327957142757,0.987580072728727,0.9896804981624854,0.009956384521500853,15
120,3,S3 One-sided mud pit (stress),standard,0,0.299238739725167,0.37198142064934553,,16.634659657830962,0,0,,,,,,0
120,3,S3 One-sided mud pit (stress),rls,0,0.2935016693080911,0.3704872424082697,,16.58993760092715,135,135,,0.2,,,,0
120,4,S4 Emergency avoidance with moving obstacle,sindy,1,0.2570287175880302,0.43034759984574905,9.5,11.422356077166683,17,10,0.8753841146787711,0.35758920076937534,0.9499355185258858,0.9619083685398232,0.020730958975380877,15
120,4,S4 Emergency avoidance with moving obstacle,standard,1,0.2541127038634592,0.43133052812039846,9.5,11.31333054371105,0,0,,,,,,0
120,4,S4 Emergency avoidance with moving obstacle,rls,1,0.25811525663579304,0.4184539396976523,9.600000000000001,11.224729970292183,82,82,,0.2,,,,0
120,5,S5 Continuously varying terrain,sindy,1,0.2595544737633834,0.6818169133456686,10.3,12.336146836748838,18,11,0.887560557325157,0.36245115224489555,0.906747604737989,0.8696818165741376,0.010207669735556516,15
120,5,S5 Continuously varying terrain,standard,1,0.26648590973517927,0.6459430457204255,10.3,12.228334344007331,0,0,,,,,,0
120,5,S5 Continuously varying terrain,rls,1,0.26648590973517927,0.6459430457204255,10.3,12.228334344007331,89,89,,0.2,,,,0
120,6,S6 High-mismatch asymmetric mud stress,sindy,1,0.30192370950161074,0.4668022293609244,16.1,19.556249472179932,30,3,0.8851339304262853,0.21646385326413564,0.9822294828475474,0.9828542551426196,0.012261129870267996,15
120,6,S6 High-mismatch asymmetric mud stress,standard,1,0.2996581535708837,0.386965732704518,16.7,18.670472141539094,0,0,,,,,,0
120,6,S6 High-mismatch asymmetric mud stress,rls,1,0.3114237310713014,0.398954202667,16.5,18.774397349433364,151,151,,0.2,,,,0
121,1,S1 Slippery-surface avoidance,sindy,1,0.2776804914615062,1.344462040561874,12.3,14.956793081536194,22,10,0.8738985032898812,0.35317987709757087,0.6948879622812516,0.5117317166317112,0.04076771614426553,12
121,1,S1 Slippery-surface avoidance,standard,1,0.28311810554789973,1.2966723399355404,12.200000000000001,14.573598044178357,0,0,,,,,,0
121,1,S1 Slippery-surface avoidance,rls,1,0.28311810554789973,1.2966723399355404,12.200000000000001,14.573598044178357,108,108,,0.2,,,,0
121,2,S2 One-sided mud pit (benchmark),sindy,1,0.26665319312020863,0.3898277034708159,10.4,11.795711079293078,18,2,0.8876222847552351,0.16603704181023765,0.9846740372363091,0.9872694780251308,0.010155708742895272,15
121,2,S2 One-sided mud pit (benchmark),standard,1,0.2595092483025459,0.3449322872872047,10.5,11.594341028650689,0,0,,,,,,0
121,2,S2 One-sided mud pit (benchmark),rls,1,0.26770515456248695,0.3547180630395148,10.4,11.635141187396144,90,90,,0.2,,,,0
121,3,S3 One-sided mud pit (stress),sindy,1,0.30362024492951717,0.486496084657729,14.3,17.264033009509355,26,1,0.8705717079575744,0.0928814439376666,0.9319692111326259,0.9255254037325686,0.037518243781986045,13
121,3,S3 One-sided mud pit (stress),standard,0,0.30177371797641256,0.3765112139376196,,16.594465969297392,0,0,,,,,,0
121,3,S3 One-sided mud pit (stress),rls,0,0.302631629979441,0.3760589587306119,,16.591859229095867,134,134,,0.2,,,,0
121,4,S4 Emergency avoidance with moving obstacle,sindy,1,0.25424832975438927,0.45190072885565397,9.5,11.413832149175901,17,9,0.890450472758193,0.35239347690208744,0.9288605663397319,0.9442348752820868,0.007789356800242985,15
121,4,S4 Emergency avoidance with moving obstacle,standard,1,0.25435306940761415,0.4352753903784498,9.5,11.310171958096422,0,0,,,,,,0
121,4,S4 Emergency avoidance with moving obstacle,rls,1,0.25900899310833525,0.4227525423312129,9.600000000000001,11.222002566080185,82,82,,0.2,,,,0
121,5,S5 Continuously varying terrain,sindy,1,0.2579967120582755,0.6853921032495187,10.3,12.386260943008322,18,9,0.8820032818953817,0.3499093384568085,0.9335528161340185,0.9172251984575317,0.014941880039041754,15
121,5,S5 Continuously varying terrain,standard,1,0.26251804650226673,0.6484106513645412,10.3,12.224555366032526,0,0,,,,,,0
121,5,S5 Continuously varying terrain,rls,1,0.26251804650226673,0.6484106513645412,10.3,12.224555366032526,89,89,,0.2,,,,0
121,6,S6 High-mismatch asymmetric mud stress,sindy,1,0.31562475665604256,0.521607174750293,16.0,19.487787883976537,30,1,0.8659558793559587,0.09262757336457775,0.9471127176773448,0.9371114316754551,0.03554876593691395,14
121,6,S6 High-mismatch asymmetric mud stress,standard,1,0.30268234948536044,0.3969438298176187,16.6,18.746204736036596,0,0,,,,,,0
121,6,S6 High-mismatch asymmetric mud stress,rls,1,0.3163505864126659,0.4002903173710432,16.5,18.754731460296178,151,151,,0.2,,,,0
122,1,S1 Slippery-surface avoidance,sindy,1,0.2995357402660205,1.3404571226728348,12.200000000000001,14.909196645180629,22,4,0.869770802879416,0.25563312181777326,0.9863251001440875,0.9855291115708125,0.02577514393191608,15
122,1,S1 Slippery-surface avoidance,standard,1,0.2836589942252589,1.2925668342911032,12.200000000000001,14.567304367597869,0,0,,,,,,0
122,1,S1 Slippery-surface avoidance,rls,1,0.2836589942252589,1.2925668342911032,12.200000000000001,14.567304367597869,108,108,,0.2,,,,0
122,2,S2 One-sided mud pit (benchmark),sindy,1,0.28321938749107356,0.3490805687484388,10.4,11.830014715634338,18,8,0.89501800008216,0.3376764606768081,0.9527134995240577,0.9854529610136227,0.00954302837359047,14
122,2,S2 One-sided mud pit (benchmark),standard,1,0.2668876892920634,0.3401839942535165,10.5,11.566845158298865,0,0,,,,,,0
122,2,S2 One-sided mud pit (benchmark),rls,1,0.2699820804983419,0.3501034340390652,10.4,11.631562266443282,90,90,,0.2,,,,0
122,3,S3 One-sided mud pit (stress),sindy,1,0.29961014623653764,0.41465216160081364,14.5,17.247695200042497,27,3,0.8811328990442844,0.2153105339602254,0.9703528398472702,0.9619866688217492,0.0275771402692631,13
122,3,S3 One-sided mud pit (stress),standard,0,0.2885843806155407,0.37143646325491786,,16.645607978654223,0,0,,,,,,0
122,3,S3 One-sided mud pit (stress),rls,0,0.28678542686629094,0.3702032146411751,,16.58179192033479,135,135,,0.2,,,,0
122,4,S4 Emergency avoidance with moving obstacle,sindy,1,0.27913068267335356,0.43649564940393615,9.5,11.434405098491338,17,9,0.872515624472508,0.35499084983698714,0.39558831207485845,0.579047872394518,0.029376404839675574,14
122,4,S4 Emergency avoidance with moving obstacle,standard,1,0.2530596051564011,0.4305085054512067,9.5,11.305942460040374,0,0,,,,,,0
122,4,S4 Emergency avoidance with moving obstacle,rls,1,0.2574369386963873,0.4181260924015341,9.600000000000001,11.217238268028417,82,82,,0.2,,,,0
122,5,S5 Continuously varying terrain,sindy,1,0.26453311730915857,0.6900561375484868,10.3,12.308929986540486,18,6,0.8924891613473557,0.3107420211720248,0.9737474124739238,0.9722484104217939,0.011676307404050177,14
122,5,S5 Continuously varying terrain,standard,1,0.2652049019837622,0.6445521888531319,10.3,12.2232613890374,0,0,,,,,,0
122,5,S5 Continuously varying terrain,rls,1,0.2651153790016233,0.6445521888531319,10.3,12.2232613890374,89,89,,0.2,,,,0
122,6,S6 High-mismatch asymmetric mud stress,sindy,1,0.3121774895821072,0.4604395238370692,16.1,19.523943509654643,30,4,0.8734894992930711,0.2555408826150621,0.9791249330678957,0.9721986763450297,0.022419297588225032,15
122,6,S6 High-mismatch asymmetric mud stress,standard,1,0.3041359035421652,0.3846073322496797,16.7,18.64693573169485,0,0,,,,,,0
122,6,S6 High-mismatch asymmetric mud stress,rls,1,0.31644171534793947,0.3915974846495456,16.5,18.747640911159916,151,151,,0.2,,,,0
123,1,S1 Slippery-surface avoidance,sindy,1,0.2767699161587604,1.3304278114463972,12.3,14.898702336014914,22,9,0.8859319012903354,0.34823192422974136,0.9699595343740873,0.9667942410122529,0.02321818245968982,13
123,1,S1 Slippery-surface avoidance,standard,1,0.2845954805499957,1.2953650629104745,12.200000000000001,14.572896027864722,0,0,,,,,,0
123,1,S1 Slippery-surface avoidance,rls,1,0.2845954805499957,1.2953650629104745,12.200000000000001,14.572896027864722,108,108,,0.2,,,,0
123,2,S2 One-sided mud pit (benchmark),sindy,1,0.2788223067425718,0.3510051715469202,10.4,11.835348967450054,18,11,0.8931958179388808,0.359792093949123,0.9604125755666639,0.9682068223381219,0.01679593615354342,13
123,2,S2 One-sided mud pit (benchmark),standard,1,0.2592624116392346,0.3418359711953019,10.5,11.595005253601661,0,0,,,,,,0
123,2,S2 One-sided mud pit (benchmark),rls,1,0.2689355589498501,0.3520577894116494,10.4,11.635738225713391,90,90,,0.2,,,,0
123,3,S3 One-sided mud pit (stress),sindy,1,0.2983292970925693,0.44409138540988674,14.3,17.42171970778404,26,3,0.8526150254001847,0.2154855579219048,0.9500756516367014,0.9612865769219804,0.042030633182831074,15
123,3,S3 One-sided mud pit (stress),standard,0,0.28918072292070796,0.37375324562386913,,16.663725525973458,0,0,,,,,,0
123,3,S3 One-sided mud pit (stress),rls,0,0.28695460177507826,0.37326848135771107,,16.600080407093056,135,135,,0.2,,,,0
123,4,S4 Emergency avoidance with moving obstacle,sindy,1,0.25067081157599613,0.4335355060697589,9.5,11.430174442513982,17,9,0.9029995165918553,0.3541528719634334,0.9256202483165193,0.9428159235531142,0.008442773162667653,13
123,4,S4 Emergency avoidance with moving obstacle,standard,1,0.25367101393524616,0.4335355060697589,9.5,11.310308886909125,0,0,,,,,,0
123,4,S4 Emergency avoidance with moving obstacle,rls,1,0.2575112036407969,0.420686148179547,9.600000000000001,11.221727198982089,82,82,,0.2,,,,0
123,5,S5 Continuously varying terrain,sindy,1,0.2605291324018947,0.6924044494678262,10.3,12.370259083411533,18,7,0.8935692147050425,0.32807711792873145,0.9752501092495569,0.9767543508574481,0.005211953285751719,15
123,5,S5 Continuously varying terrain,standard,1,0.2631077203574138,0.6467161815623446,10.3,12.225250168877833,0,0,,,,,,0
123,5,S5 Continuously varying terrain,rls,1,0.2631077203574138,0.6467161815623446,10.3,12.225250168877833,89,89,,0.2,,,,0
123,6,S6 High-mismatch asymmetric mud stress,sindy,1,0.3002183291045549,0.4955193231766088,16.1,19.53550830889736,30,2,0.8716718094928574,0.16289927571781726,0.9752449832637334,0.9777301688181242,0.03645937430658455,13
123,6,S6 High-mismatch asymmetric mud stress,standard,1,0.3148694336293181,0.3905654974963431,16.6,18.671947268633023,0,0,,,,,,0
123,6,S6 High-mismatch asymmetric mud stress,rls,1,0.3159530734105824,0.39583927082501397,16.5,18.75692757825031,151,151,,0.2,,,,0
124,1,S1 Slippery-surface avoidance,sindy,1,0.2965017928109434,1.3529408678237944,12.200000000000001,14.886794058377166,22,3,0.8910842853370045,0.22006806668840118,0.9938375673444003,0.9930019081197791,0.00726286276492965,15
124,1,S1 Slippery-surface avoidance,standard,1,0.2820601112652866,1.2970777439966734,12.200000000000001,14.550718836206062,0,0,,,,,,0
124,1,S1 Slippery-surface avoidance,rls,1,0.2820601112652866,1.2970777439966734,12.200000000000001,14.550718836206062,108,108,,0.2,,,,0
124,2,S2 One-sided mud pit (benchmark),sindy,1,0.26588110463250836,0.35335496570465286,10.4,11.856246807920304,18,13,0.8793885190118333,0.36734833519710147,0.9107617170840406,0.8855717978354907,0.02310744476548711,14
124,2,S2 One-sided mud pit (benchmark),standard,1,0.28322171667106166,0.34382600879932573,10.4,11.55544776697685,0,0,,,,,,0
124,2,S2 One-sided mud pit (benchmark),rls,1,0.26490755484751904,0.3522951212687224,10.4,11.617573709860043,90,90,,0.2,,,,0
124,3,S3 One-sided mud pit (stress),sindy,1,0.30340275247219745,0.42900868619967475,14.5,17.210680973366625,27,3,0.8828798985505752,0.21673433804503278,0.9892472269791697,0.9906181482181524,0.014187610810917725,15
124,3,S3 One-sided mud pit (stress),standard,0,0.30673402913867454,0.37258820540205057,,16.562424607184724,0,0,,,,,,0
124,3,S3 One-sided mud pit (stress),rls,0,0.287417580331555,0.37411672107503824,,16.64586762671939,134,134,,0.2,,,,0
124,4,S4 Emergency avoidance with moving obstacle,sindy,1,0.2501662974223233,0.4334447350698933,9.600000000000001,11.357734781852935,17,13,0.8959380752132202,0.3697360837161546,0.9254883127253868,0.9652511104637701,0.014424058314304647,13
124,4,S4 Emergency avoidance with moving obstacle,standard,1,0.2489288529699391,0.4349408235881942,9.5,11.300006682767677,0,0,,,,,,0
124,4,S4 Emergency avoidance with moving obstacle,rls,1,0.252798050703355,0.4226006170450883,9.600000000000001,11.21105210960308,82,82,,0.2,,,,0
124,5,S5 Continuously varying terrain,sindy,1,0.2809764904359042,0.676259174376279,10.200000000000001,12.263946090919815,18,2,0.8865919860259319,0.1651489435170338,0.9652663603656341,0.9675143871633148,0.011024767659021804,15
124,5,S5 Continuously varying terrain,standard,1,0.2589760827861755,0.6482458430855464,10.3,12.21052830574201,0,0,,,,,,0
124,5,S5 Continuously varying terrain,rls,1,0.2589760827861755,0.6482458430855464,10.3,12.21052830574201,89,89,,0.2,,,,0
124,6,S6 High-mismatch asymmetric mud stress,sindy,1,0.29798864300863276,0.49578628733433455,16.1,19.527456929145817,30,2,0.8687527327694775,0.16294933587288074,0.9809492597089376,0.9779448033286866,0.026703780008417347,15
124,6,S6 High-mismatch asymmetric mud stress,standard,1,0.30804158979062324,0.38581682011196283,16.7,18.640457716399727,0,0,,,,,,0
124,6,S6 High-mismatch asymmetric mud stress,rls,1,0.29983452212826456,0.39297807995148387,16.6,18.771597741165547,152,152,,0.2,,,,0
125,1,S1 Slippery-surface avoidance,sindy,1,0.27703147680455237,1.3529312646013187,12.3,14.935046321790077,22,13,0.9041725666607293,0.36974865952632463,0.9889116867325043,0.9864834543386322,0.007466257719720646,13
125,1,S1 Slippery-surface avoidance,standard,1,0.28475266834035184,1.2961842707637234,12.200000000000001,14.580148098189268,0,0,,,,,,0
125,1,S1 Slippery-surface avoidance,rls,1,0.28475266834035184,1.2961842707637234,12.200000000000001,14.580148098189268,108,108,,0.2,,,,0
125,2,S2 One-sided mud pit (benchmark),sindy,1,0.27628813162566945,0.35237080630709183,10.4,11.894529183909833,18,4,0.8672095215270624,0.2548010284258952,0.9673782040579201,0.9672386902174179,0.03435433988510024,14
125,2,S2 One-sided mud pit (benchmark),standard,1,0.262234887500604,0.34219691570889743,10.5,11.598204007484558,0,0,,,,,,0
125,2,S2 One-sided mud pit (benchmark),rls,1,0.2702625722381233,0.35200914833472174,10.4,11.638826646984525,90,90,,0.2,,,,0
125,3,S3 One-sided mud pit (stress),sindy,1,0.2866675192593266,0.450499232169558,14.4,17.378417731474826,26,2,0.8626059770720124,0.16301683764741837,0.970766986899281,0.9741207936947304,0.04535739235747672,13
125,3,S3 One-sided mud pit (stress),standard,0,0.29279963652728463,0.3729593847452828,,16.66302412815422,0,0,,,,,,0
125,3,S3 One-sided mud pit (stress),rls,0,0.29442944292902545,0.37165118060093894,,16.58759855709738,135,135,,0.2,,,,0
125,4,S4 Emergency avoidance with moving obstacle,sindy,1,0.2586466640196261,0.43206337408450124,9.600000000000001,11.355841846991655,17,10,0.8900043256726927,0.35764411716340816,0.9388294491524825,0.9556994075877547,0.00816079420929184,15
125,4,S4 Emergency avoidance with moving obstacle,standard,1,0.2553919904198233,0.43365423469001496,9.5,11.31130769283139,0,0,,,,,,0
125,4,S4 Emergency avoidance with moving obstacle,rls,1,0.26016501164291317,0.4212955706369418,9.600000000000001,11.222884401056014,82,82,,0.2,,,,0
125,5,S5 Continuously varying terrain,sindy,1,0.26321862232376503,0.6931365116835181,10.3,12.303184969312333,18,6,0.9035213366753219,0.3096852707344584,0.9756332065566208,0.973855769782578,0.008007790783659582,13
125,5,S5 Continuously varying terrain,standard,1,0.26603675452666686,0.6478036090944683,10.3,12.230604680427943,0,0,,,,,,0
125,5,S5 Continuously varying terrain,rls,1,0.26603675452666686,0.6478036090944683,10.3,12.230604680427943,89,89,,0.2,,,,0
125,6,S6 High-mismatch asymmetric mud stress,sindy,1,0.30071966332268985,0.448539716062022,16.400000000000002,19.38175645634584,30,7,0.887235542317883,0.3238262045261315,0.9832578443288231,0.984364302370015,0.010481484165190201,15
125,6,S6 High-mismatch asymmetric mud stress,standard,1,0.3001643211950343,0.38725995550008807,16.8,18.613236440580348,0,0,,,,,,0
125,6,S6 High-mismatch asymmetric mud stress,rls,1,0.29688342758022723,0.39569246706098765,16.6,18.789997353515954,152,152,,0.2,,,,0
126,1,S1 Slippery-surface avoidance,sindy,1,0.2787320917947291,1.3629488311445426,12.3,14.906482833297753,22,2,0.8793708596150038,0.16459710554089843,0.9884872150887966,0.9849665736071606,0.017224149988221367,15
126,1,S1 Slippery-surface avoidance,standard,1,0.2824452207663368,1.2966847259796457,12.200000000000001,14.579573840363237,0,0,,,,,,0
126,1,S1 Slippery-surface avoidance,rls,1,0.2824452207663368,1.2966847259796457,12.200000000000001,14.579573840363237,108,108,,0.2,,,,0
126,2,S2 One-sided mud pit (benchmark),sindy,1,0.2828473878283343,0.35118085110473435,10.4,11.835679568893687,18,10,0.9242299636983815,0.3576196232633839,0.9490328035252225,0.9406784114719492,0.01303150684804574,9
126,2,S2 One-sided mud pit (benchmark),standard,1,0.2621402970502223,0.34215926468523955,10.5,11.599370706861553,0,0,,,,,,0
126,2,S2 One-sided mud pit (benchmark),rls,1,0.2713988393905371,0.3522142248264949,10.4,11.640119232959549,90,90,,0.2,,,,0
126,3,S3 One-sided mud pit (stress),sindy,1,0.286624403575213,0.4587909045770457,14.4,17.31746096105311,26,2,0.8816051232102377,0.1644671405685516,0.987399672252376,0.9864282287696537,0.015285410293153346,15
126,3,S3 One-sided mud pit (stress),standard,0,0.3084911765887614,0.3783677627183717,,16.659299942853547,0,0,,,,,,0
126,3,S3 One-sided mud pit (stress),rls,0,0.30282338737103964,0.3781603743709198,,16.606361120339923,134,134,,0.2,,,,0
126,4,S4 Emergency avoidance with moving obstacle,sindy,1,0.2540082193849673,0.44551895444268447,9.5,11.429664626823607,17,11,0.8919802819199517,0.3609685733911888,0.8434431936898895,0.7034105264298122,0.012108352084614695,14
126,4,S4 Emergency avoidance with moving obstacle,standard,1,0.25590096935073176,0.434232644110023,9.5,11.31433555835949,0,0,,,,,,0
126,4,S4 Emergency avoidance with moving obstacle,rls,1,0.2607019023518722,0.42138474131726034,9.600000000000001,11.225898151828243,82,82,,0.2,,,,0
126,5,S5 Continuously varying terrain,sindy,1,0.2639819443148727,0.6959189795626289,10.3,12.31839711679927,18,9,0.8771699225525869,0.3487403025518204,0.8513571060473426,0.796129607836702,0.019152524581978084,15
126,5,S5 Continuously varying terrain,standard,1,0.26713333904763953,0.6491749095479937,10.3,12.235216928437769,0,0,,,,,,0
126,5,S5 Continuously varying terrain,rls,1,0.26713333904763953,0.6491749095479937,10.3,12.235216928437769,89,89,,0.2,,,,0
126,6,S6 High-mismatch asymmetric mud stress,sindy,1,0.30555773521264973,0.5189772687959036,16.1,19.47581927378981,30,1,0.8872653693194965,0.09379959531257231,0.983978563565419,0.9836116636803344,0.01615638720131158,14
126,6,S6 High-mismatch asymmetric mud stress,standard,1,0.3039020693400675,0.39558126019415935,16.6,18.774642232682005,0,0,,,,,,0
126,6,S6 High-mismatch asymmetric mud stress,rls,1,0.30132087881671454,0.39846810500154123,16.6,18.788061168575307,152,152,,0.2,,,,0
127,1,S1 Slippery-surface avoidance,sindy,1,0.2798244288359798,1.3830766362593812,12.3,14.890244269694296,22,7,0.8760042307519873,0.32646948518780755,0.9751651316697869,0.9701888844852081,0.020181439724728703,15
127,1,S1 Slippery-surface avoidance,standard,1,0.2836052431673685,1.2991889204747054,12.200000000000001,14.567550388567822,0,0,,,,,,0
127,1,S1 Slippery-surface avoidance,rls,1,0.2836052431673685,1.2991889204747054,12.200000000000001,14.567550388567822,108,108,,0.2,,,,0
127,2,S2 One-sided mud pit (benchmark),sindy,1,0.28017951362990534,0.3558269978968754,10.4,11.83347975497386,18,8,0.8745284018816322,0.34051515105425745,0.8535673295917918,0.7168977648387157,0.027520059684593985,14
127,2,S2 One-sided mud pit (benchmark),standard,1,0.2595597680976154,0.34778323509818737,10.5,11.589403861306513,0,0,,,,,,0
127,2,S2 One-sided mud pit (benchmark),rls,1,0.2684495662464396,0.3571107725794852,10.4,11.630075303542043,90,90,,0.2,,,,0
127,3,S3 One-sided mud pit (stress),sindy,1,0.3063926952066962,0.4490580889482203,14.3,17.338009354584063,26,3,0.8848763507868178,0.21736180533405663,0.9898521492234907,0.9908059110829788,0.012480341811410669,15
127,3,S3 One-sided mud pit (stress),standard,0,0.3037141475776423,0.37621548994352727,,16.59106919977656,0,0,,,,,,0
127,3,S3 One-sided mud pit (stress),rls,0,0.3059542296357974,0.37523752558452633,,16.570082981690103,134,134,,0.2,,,,0
127,4,S4 Emergency avoidance with moving obstacle,sindy,1,0.24786437660922878,0.4379502215369121,9.5,11.43763041076382,17,10,0.8999802806538754,0.36031042292749976,0.9780988995665655,0.9770646406649514,0.005421942816087991,14
127,4,S4 Emergency avoidance with moving obstacle,standard,1,0.2525564631175057,0.436877708421913,9.5,11.309710982164873,0,0,,,,,,0
127,4,S4 Emergency avoidance with moving obstacle,rls,1,0.2569959132837288,0.4241949901675628,9.600000000000001,11.220749219820313,82,82,,0.2,,,,0
127,5,S5 Continuously varying terrain,sindy,1,0.2637997287185934,0.684706220559772,10.3,12.40293783415959,18,9,0.8679207136743498,0.34686840298903254,0.6805188805486204,0.4679953819228435,0.027465923993820113,15
127,5,S5 Continuously varying terrain,standard,1,0.26276485307753417,0.6511442298778836,10.3,12.222553275405085,0,0,,,,,,0
127,5,S5 Continuously varying terrain,rls,1,0.26276485307753417,0.6511442298778836,10.3,12.222553275405085,89,89,,0.2,,,,0
127,6,S6 High-mismatch asymmetric mud stress,sindy,1,0.30000093876035,0.4021753022973938,16.6,18.840216516769356,31,3,0.7199482642412669,0.13735198214165809,0.24863379816037134,0.27777725411680765,0.2547410062672902,15
127,6,S6 High-mismatch asymmetric mud stress,standard,1,0.3063848814478694,0.3890407202545161,16.6,18.717735603133445,0,0,,,,,,0
127,6,S6 High-mismatch asymmetric mud stress,rls,1,0.316145928256063,0.3933070373064484,16.5,18.750765677367806,151,151,,0.2,,,,0
128,1,S1 Slippery-surface avoidance,sindy,1,0.2992476402822076,1.3396859598606041,12.200000000000001,14.929535725213391,22,7,0.8753461444387057,0.32677988501559546,0.9743606773575474,0.9725001719161248,0.02677076638606213,14
128,1,S1 Slippery-surface avoidance,standard,1,0.2823098772526684,1.2987321269353733,12.200000000000001,14.579196087543341,0,0,,,,,,0
128,1,S1 Slippery-surface avoidance,rls,1,0.2823098772526684,1.2987321269353733,12.200000000000001,14.579196087543341,108,108,,0.2,,,,0
128,2,S2 One-sided mud pit (benchmark),sindy,0,0.2859940668828103,0.3324109847695936,,11.694168319263795,19,3,0.8148018647338683,0.21327301110975092,0.8935246735838205,0.9101256139927472,0.08334339706363904,15
128,2,S2 One-sided mud pit (benchmark),standard,1,0.2624398546758702,0.3454284205351352,10.5,11.602643663561066,0,0,,,,,,0
128,2,S2 One-sided mud pit (benchmark),rls,1,0.27123692035324937,0.3544654961522829,10.4,11.643131772071136,90,90,,0.2,,,,0
128,3,S3 One-sided mud pit (stress),sindy,1,0.3089452287657203,0.4234727761420578,14.600000000000001,17.176439059138687,27,2,0.860937146868711,0.16274243451687687,0.9516835540353726,0.9635589879310127,0.0339801421801375,15
128,3,S3 One-sided mud pit (stress),standard,0,0.3032961614273061,0.3756247902408446,,16.6021250378647,0,0,,,,,,0
128,3,S3 One-sided mud pit (stress),rls,0,0.2900727257362464,0.3760614462382593,,16.65242131637221,134,134,,0.2,,,,0
128,4,S4 Emergency avoidance with moving obstacle,sindy,1,0.25398042337500026,0.4560870593790927,9.5,11.429649348233111,17,10,0.891484308094301,0.35743081133770693,0.9703389242186318,0.9735874262397222,0.012530339776436762,14
128,4,S4 Emergency avoidance with moving obstacle,standard,1,0.25692517200383386,0.4357830191842915,9.5,11.316734129154476,0,0,,,,,,0
128,4,S4 Emergency avoidance with moving obstacle,rls,1,0.2614909177085132,0.4226272610562301,9.600000000000001,11.228721550609734,82,82,,0.2,,,,0
128,5,S5 Continuously varying terrain,sindy,1,0.26311160607735357,0.6876722747289987,10.3,12.304924879834466,18,5,0.9229113087791794,0.29065416254375903,0.9633474271533286,0.9587578513218613,0.008516395605065636,10
128,5,S5 Continuously varying terrain,standard,1,0.26688080666609915,0.6508357353226494,10.3,12.233500753514717,0,0,,,,,,0
128,5,S5 Continuously varying terrain,rls,1,0.26688080666609915,0.6508357353226494,10.3,12.233500753514717,89,89,,0.2,,,,0
128,6,S6 High-mismatch asymmetric mud stress,sindy,1,0.30284467368158013,0.4989235354065293,16.1,19.518379303854477,30,2,0.8686434492478331,0.16290505332139021,0.9791112523437023,0.97378765519592,0.026803720088748546,15
128,6,S6 High-mismatch asymmetric mud stress,standard,1,0.3005734596287388,0.3931238300764302,16.6,18.752607218716296,0,0,,,,,,0
128,6,S6 High-mismatch asymmetric mud stress,rls,1,0.3152768164949664,0.39607004589360706,16.5,18.760366255298567,151,151,,0.2,,,,0
129,1,S1 Slippery-surface avoidance,sindy,1,0.2968759715048828,1.3538458934921425,12.200000000000001,14.91250052271131,22,5,0.8818530129749096,0.2865198907319267,0.9928872359541956,0.9933563978902921,0.01507146234924487,15
129,1,S1 Slippery-surface avoidance,standard,1,0.2819759592574834,1.2949685310419836,12.200000000000001,14.567309832515035,0,0,,,,,,0
129,1,S1 Slippery-surface avoidance,rls,1,0.2819759592574834,1.2949685310419836,12.200000000000001,14.567309832515035,108,108,,0.2,,,,0
129,2,S2 One-sided mud pit (benchmark),sindy,1,0.28182757315596385,0.3508290858083311,10.4,11.827230348999436,18,6,0.8892709486800512,0.30838919570078294,0.9596448111491892,0.9541846520185799,0.01442445372065221,14
129,2,S2 One-sided mud pit (benchmark),standard,1,0.2663456661770114,0.34018071581532305,10.5,11.564338269003839,0,0,,,,,,0
129,2,S2 One-sided mud pit (benchmark),rls,1,0.2704865803946074,0.34970957127592334,10.4,11.629145383394576,90,90,,0.2,,,,0
129,3,S3 One-sided mud pit (stress),sindy,1,0.28949703657517395,0.4049032266463235,14.600000000000001,17.20680928253665,27,8,0.8647367406036366,0.3351238880959307,0.9350910296677659,0.9266280639276897,0.030409620461946903,15
129,3,S3 One-sided mud pit (stress),standard,0,0.285942944312041,0.3741802582116293,,16.657665751111665,0,0,,,,,,0
129,3,S3 One-sided mud pit (stress),rls,0,0.30627524593623395,0.37350348192011096,,16.572446662887373,134,134,,0.2,,,,0
129,4,S4 Emergency avoidance with moving obstacle,sindy,1,0.25587398487492374,0.4400794584501952,9.5,11.415590590854146,17,9,0.8894047762208461,0.35314962693657664,0.9710228211536805,0.9682323891871938,0.008661034828040566,15
129,4,S4 Emergency avoidance with moving obstacle,standard,1,0.2520019110177486,0.4326698094626069,9.5,11.306863394071804,0,0,,,,,,0
129,4,S4 Emergency avoidance with moving obstacle,rls,1,0.2567379819796319,0.4191553583486327,9.600000000000001,11.21815485551545,82,82,,0.2,,,,0
129,5,S5 Continuously varying terrain,sindy,1,0.25853465364225314,0.6834146848185817,10.3,12.28590827084605,18,2,0.8866850043043991,0.16516163859288852,0.9213558631781014,0.9351319148708738,0.022542677738084365,13
129,5,S5 Continuously varying terrain,standard,1,0.26355945263672415,0.6469752561575914,10.3,12.219062208587237,0,0,,,,,,0
129,5,S5 Continuously varying terrain,rls,1,0.26355945263672415,0.6469752561575914,10.3,12.219062208587237,89,89,,0.2,,,,0
129,6,S6 High-mismatch asymmetric mud stress,sindy,1,0.3141382364742279,0.4902213079512759,16.0,19.56594853297998,30,3,0.7933119488836812,0.210013090083767,0.9570171604938146,0.9657684646371569,0.11128744056160758,15
129,6,S6 High-mismatch asymmetric mud stress,standard,1,0.3056503526344206,0.38801659530581506,16.7,18.62149157338423,0,0,,,,,,0
129,6,S6 High-mismatch asymmetric mud stress,rls,1,0.31302644899047183,0.39547669365381394,16.5,18.752216684312852,151,151,,0.2,,,,0
130,1,S1 Slippery-surface avoidance,sindy,1,0.28078494554587924,1.3782972340324993,12.3,14.897453513755469,22,2,0.8829650784017741,0.16462588035254977,0.9881499422404572,0.9846836712497059,0.014114470726673062,15
130,1,S1 Slippery-surface avoidance,standard,1,0.2845272431080812,1.2978334407901242,12.200000000000001,14.584045872060011,0,0,,,,,,0
130,1,S1 Slippery-surface avoidance,rls,1,0.2845272431080812,1.2978334407901242,12.200000000000001,14.584045872060011,108,108,,0.2,,,,0
130,2,S2 One-sided mud pit (benchmark),sindy,1,0.2685805323456864,0.38999519962806295,10.4,11.86042148040124,18,1,0.9081957800255779,0.0949507679014068,0.9883525391047809,0.9874925318689657,0.009673595439093735,12
130,2,S2 One-sided mud pit (benchmark),standard,1,0.283066228647121,0.34748788692813154,10.4,11.607764000332999,0,0,,,,,,0
130,2,S2 One-sided mud pit (benchmark),rls,1,0.2812094377590257,0.3561691685025488,10.4,11.618012228608883,90,90,,0.2,,,,0
130,3,S3 One-sided mud pit (stress),sindy,1,0.30604048358434577,0.48442806437092545,14.3,17.301799986289108,26,1,0.8996420604785353,0.09448031332631945,0.9901009706295907,0.9893366869869903,0.01698781599131892,12
130,3,S3 One-sided mud pit (stress),standard,1,0.29393749860922713,0.38128577719009565,14.8,16.661053124527324,0,0,,,,,,0
130,3,S3 One-sided mud pit (stress),rls,1,0.3003243040681451,0.3869082459753413,14.700000000000001,16.71572679661354,133,133,,0.2,,,,0
130,4,S4 Emergency avoidance with moving obstacle,sindy,1,0.25783890228185,0.43437634531996844,9.5,11.426586951967304,17,9,0.89180073717104,0.3541287789498282,0.9544696380989077,0.9502750136817462,0.0066693862010616285,15
130,4,S4 Emergency avoidance with moving obstacle,standard,1,0.2587689207449221,0.42280460390533586,9.600000000000001,11.244297520649916,0,0,,,,,,0
130,4,S4 Emergency avoidance with moving obstacle,rls,1,0.26061737303842936,0.42280460390533586,9.600000000000001,11.239099081780857,82,82,,0.2,,,,0
130,5,S5 Continuously varying terrain,sindy,1,0.26205594777611024,0.6397106786304909,10.3,12.309304513561045,18,6,0.8834643150690584,0.22528890264359513,0.8344924675382558,0.7804090917621391,0.013686335737825201,15
130,5,S5 Continuously varying terrain,standard,1,0.2668299012355684,0.6501347512010164,10.3,12.243591095815129,0,0,,,,,,0
130,5,S5 Continuously varying terrain,rls,1,0.2668299012355684,0.6501347512010164,10.3,12.243591095815129,89,89,,0.2,,,,0
130,6,S6 High-mismatch asymmetric mud stress,sindy,1,0.30047661300390827,0.49207764649251856,16.1,19.423088218082917,30,2,0.8651546286675889,0.10758350457671739,0.9404840838166785,0.9338191148196717,0.03002078902642726,15
130,6,S6 High-mismatch asymmetric mud stress,standard,1,0.2998665542009751,0.3995451986565487,16.6,18.791876888993695,0,0,,,,,,0
130,6,S6 High-mismatch asymmetric mud stress,rls,1,0.312374224219293,0.4037328943323901,16.5,18.7963654856438,151,151,,0.2,,,,0
131,1,S1 Slippery-surface avoidance,sindy,1,0.2996913811310616,1.3464952695087369,12.200000000000001,14.91031038266324,22,7,0.8981755809011224,0.32785579152304994,0.9914163025841323,0.991194389488101,0.0069109067013864885,14
131,1,S1 Slippery-surface avoidance,standard,1,0.282536218297333,1.299437751381833,12.200000000000001,14.56138262620107,0,0,,,,,,0
131,1,S1 Slippery-surface avoidance,rls,1,0.282536218297333,1.299437751381833,12.200000000000001,14.56138262620107,108,108,,0.2,,,,0
131,2,S2 One-sided mud pit (benchmark),sindy,1,0.2657678329841041,0.3561154169242561,10.4,11.8655569553882,18,11,0.8676362106289892,0.3618690353387072,0.6349688549568084,0.2135042337519737,0.04037146649173344,13
131,2,S2 One-sided mud pit (benchmark),standard,1,0.26486404162551486,0.3562545823943583,10.4,11.633202544499936,0,0,,,,,,0
131,2,S2 One-sided mud pit (benchmark),rls,1,0.26701555098965524,0.3549519554973325,10.4,11.62440237641978,90,90,,0.2,,,,0
131,3,S3 One-sided mud pit (stress),sindy,1,0.3022125239236853,0.4318953248756713,14.5,17.226808765605377,27,3,0.8768991261204003,0.21531712848132822,0.9673283955161993,0.9642795498895586,0.02535545909478652,14
131,3,S3 One-sided mud pit (stress),standard,0,0.29871145419953504,0.37689875707785747,,16.59286161402152,0,0,,,,,,0
131,3,S3 One-sided mud pit (stress),rls,0,0.30636391453460377,0.375655991195014,,16.561906110345216,134,134,,0.2,,,,0
131,4,S4 Emergency avoidance with moving obstacle,sindy,1,0.2476086207425813,0.4372409076886826,9.5,11.431970150566698,17,11,0.915621817348337,0.3663599565907246,0.8948152311512783,0.8158859989609171,0.009037007518309756,11
131,4,S4 Emergency avoidance with moving obstacle,standard,1,0.2524265878047579,0.4361336572776543,9.5,11.303601030300031,0,0,,,,,,0
131,4,S4 Emergency avoidance with moving obstacle,rls,1,0.25628370735856315,0.4232747443874259,9.600000000000001,11.214923146801349,82,82,,0.2,,,,0
131,5,S5 Continuously varying terrain,sindy,1,0.273146740378004,0.7649661064610015,10.3,12.233047640665516,18,1,0.9071967633484702,0.09489582198416587,0.9787381201575268,0.978546382592133,0.01051417921486207,12
131,5,S5 Continuously varying terrain,standard,1,0.2627842828739602,0.6501479594658159,10.3,12.219097741451451,0,0,,,,,,0
131,5,S5 Continuously varying terrain,rls,1,0.2627842828739602,0.6501479594658159,10.3,12.219097741451451,89,89,,0.2,,,,0
131,6,S6 High-mismatch asymmetric mud stress,sindy,1,0.3002865209674769,0.49158448060532356,16.1,19.55579161191347,30,2,0.8608284636077973,0.16352969179053256,0.9480543018828611,0.9202339541654208,0.0405096232225685,14
131,6,S6 High-mismatch asymmetric mud stress,standard,1,0.30019936007918246,0.39537122110768397,16.6,18.755930793431396,0,0,,,,,,0
131,6,S6 High-mismatch asymmetric mud stress,rls,1,0.3146365215546102,0.3988336579572464,16.5,18.751478345082514,151,151,,0.2,,,,0
132,1,S1 Slippery-surface avoidance,sindy,1,0.29691520695824103,1.3476742741164394,12.200000000000001,14.898368879678305,22,12,0.8844802852081908,0.36558583553109913,0.9767729874338408,0.9725711113347801,0.012817881023398108,15
132,1,S1 Slippery-surface avoidance,standard,1,0.27935207864152956,1.2989552338009875,12.200000000000001,14.550772718957838,0,0,,,,,,0
132,1,S1 Slippery-surface avoidance,rls,1,0.27935207864152956,1.2989552338009875,12.200000000000001,14.550772718957838,108,108,,0.2,,,,0
132,2,S2 One-sided mud pit (benchmark),sindy,1,0.2658525080846603,0.3708945543538005,10.4,11.841857141191378,18,10,0.8887603375075842,0.3581630353052986,0.9652341473605027,0.9502426908769036,0.009200128195534524,15
132,2,S2 One-sided mud pit (benchmark),standard,1,0.281470350156013,0.34518862786831855,10.4,11.558672959186838,0,0,,,,,,0
132,2,S2 One-sided mud pit (benchmark),rls,1,0.2631473624065926,0.35334949888176914,10.4,11.620789727026674,90,90,,0.2,,,,0
132,3,S3 One-sided mud pit (stress),sindy,1,0.2986629073437533,0.4573841661837224,14.3,17.319706163727602,26,2,0.8747099295416884,0.16410637578914197,0.9812963630302578,0.9777693673960789,0.03356391182490088,13
132,3,S3 One-sided mud pit (stress),standard,0,0.2993968406314523,0.37603678448107003,,16.5667165006543,0,0,,,,,,0
132,3,S3 One-sided mud pit (stress),rls,0,0.3073821919195621,0.37764995703314186,,16.595285143258888,133,133,,0.2,,,,0
132,4,S4 Emergency avoidance with moving obstacle,sindy,1,0.24623387094310917,0.44637032638587243,9.5,11.445462631008558,17,12,0.8881625607242177,0.36523322394146635,0.9668997325406041,0.9668345604198108,0.009701489819078138,15
132,4,S4 Emergency avoidance with moving obstacle,standard,1,0.24940339562506328,0.4360938271219863,9.5,11.304732706555479,0,0,,,,,,0
132,4,S4 Emergency avoidance with moving obstacle,rls,1,0.24775977140957975,0.4259237854031797,9.5,11.30903492059872,81,81,,0.2,,,,0
132,5,S5 Continuously varying terrain,sindy,1,0.25615330549079507,0.6867677283359768,10.3,12.26729174459173,18,4,0.8771817043662774,0.2572098986938363,0.9151407782930592,0.9107908759842476,0.01914215216291304,15
132,5,S5 Continuously varying terrain,standard,1,0.2587531250328231,0.650933194824434,10.3,12.214222269878114,0,0,,,,,,0
132,5,S5 Continuously varying terrain,rls,1,0.2586654630476238,0.650933194824434,10.3,12.214222269878114,89,89,,0.2,,,,0
132,6,S6 High-mismatch asymmetric mud stress,sindy,1,0.31304546568057706,0.5141591756479152,16.0,19.434866912482438,30,1,0.894450216024401,0.09419476188134207,0.9879635221576581,0.9880281679013618,0.010020022895467228,14
132,6,S6 High-mismatch asymmetric mud stress,standard,1,0.2971528339756992,0.39651482816360956,16.6,18.73274757980629,0,0,,,,,,0
132,6,S6 High-mismatch asymmetric mud stress,rls,1,0.31033802175399,0.39912927528881786,16.5,18.72824160441084,151,151,,0.2,,,,0
133,1,S1 Slippery-surface avoidance,sindy,1,0.29863761088523866,1.3558742366948962,12.200000000000001,14.909304044259972,22,10,0.8849095362592068,0.3571549094811667,0.9775948127204198,0.9851330120596605,0.018210127667652613,14
133,1,S1 Slippery-surface avoidance,standard,1,0.28090749666053816,1.2993279198996102,12.200000000000001,14.564444003770332,0,0,,,,,,0
133,1,S1 Slippery-surface avoidance,rls,1,0.28090749666053816,1.2993279198996102,12.200000000000001,14.564444003770332,108,108,,0.2,,,,0
133,2,S2 One-sided mud pit (benchmark),sindy,1,0.26430287822552695,0.3898851541812493,10.4,11.826839432590917,18,1,0.9040700698876306,0.0947238538438197,0.9826689222204402,0.9806510564724472,0.00755139217912614,13
133,2,S2 One-sided mud pit (benchmark),standard,1,0.28572608264421795,0.34523982803661674,10.4,11.570302051221358,0,0,,,,,,0
133,2,S2 One-sided mud pit (benchmark),rls,1,0.2672338779251216,0.3547935463844959,10.4,11.632765648849812,90,90,,0.2,,,,0
133,3,S3 One-sided mud pit (stress),sindy,1,0.3067379012020199,0.4351969429728302,14.4,17.25335231617627,26,3,0.8611051240006191,0.21518548789826802,0.9851312678590464,0.9861775102289391,0.03382093808863077,15
133,3,S3 One-sided mud pit (stress),standard,0,0.30005524140102446,0.3741366532865651,,16.581777879912952,0,0,,,,,,0
133,3,S3 One-sided mud pit (stress),rls,0,0.30247884119227575,0.3753546790843002,,16.637966338598414,133,133,,0.2,,,,0
133,4,S4 Emergency avoidance with moving obstacle,sindy,1,0.25479870586455244,0.43534383641683944,9.5,11.422703207783414,17,10,0.8891897378598279,0.3568583894743415,0.9281530243037489,0.9164947203945881,0.008840759725976055,15
133,4,S4 Emergency avoidance with moving obstacle,standard,1,0.2519509326005612,0.43634832274660246,9.5,11.311167010031198,0,0,,,,,,0
133,4,S4 Emergency avoidance with moving obstacle,rls,1,0.25634841871791625,0.4237656810420311,9.600000000000001,11.22240640028949,82,82,,0.2,,,,0
133,5,S5 Continuously varying terrain,sindy,1,0.2564751400702583,0.6785156481914095,10.3,12.28573628256664,18,1,0.8996560562760735,0.09448108309518405,0.9367253998412054,0.9308194228394031,0.011252515375201411,13
133,5,S5 Continuously varying terrain,standard,1,0.2626591140515156,0.6512887685102866,10.3,12.22623816640597,0,0,,,,,,0
133,5,S5 Continuously varying terrain,rls,1,0.2626591140515156,0.6512887685102866,10.3,12.22623816640597,89,89,,0.2,,,,0
133,6,S6 High-mismatch asymmetric mud stress,sindy,1,0.30129155392116314,0.5301241599834526,16.1,19.439913818504756,30,1,0.8788118722859802,0.09333465297572892,0.9822996615263486,0.9806902197352536,0.023625934088073626,14
133,6,S6 High-mismatch asymmetric mud stress,standard,1,0.29797363594776255,0.3933722253602551,16.6,18.7496209887217,0,0,,,,,,0
133,6,S6 High-mismatch asymmetric mud stress,rls,1,0.31201800115546063,0.3980873221150019,16.5,18.756333085653228,151,151,,0.2,,,,0
134,1,S1 Slippery-surface avoidance,sindy,1,0.28121652040239087,1.344318761197157,12.3,14.962190415084846,22,9,0.905950347580136,0.3504872424564058,0.9926318078845423,0.9919516955894899,0.005995358177960391,13
134,1,S1 Slippery-surface avoidance,standard,1,0.2864655258582505,1.2940584935888229,12.200000000000001,14.580067025400366,0,0,,,,,,0
134,1,S1 Slippery-surface avoidance,rls,1,0.2864655258582505,1.2940584935888229,12.200000000000001,14.580067025400366,108,108,,0.2,,,,0
134,2,S2 One-sided mud pit (benchmark),sindy,1,0.27106706812284276,0.38757791283709747,10.4,11.845470782298566,18,7,0.9032481319005209,0.32706295270735086,0.9495816620952308,0.9433804044977717,0.03180089833341315,9
134,2,S2 One-sided mud pit (benchmark),standard,1,0.26229194914648074,0.3451738330359596,10.5,11.598799613042269,0,0,,,,,,0
134,2,S2 One-sided mud pit (benchmark),rls,1,0.28103294384744965,0.35481267746934025,10.4,11.607976173595901,90,90,,0.2,,,,0
134,3,S3 One-sided mud pit (stress),sindy,1,0.3058107965814912,0.4825869085207548,14.3,17.292545257134588,26,1,0.8767088012338918,0.09321898406786407,0.9707968312522517,0.9673126697209792,0.025528373817506007,14
134,3,S3 One-sided mud pit (stress),standard,0,0.30622092672945544,0.37664074504476874,,16.676449398649186,0,0,,,,,,0
134,3,S3 One-sided mud pit (stress),rls,0,0.30666185416306696,0.3739783627179588,,16.59101190583777,134,134,,0.2,,,,0
134,4,S4 Emergency avoidance with moving obstacle,sindy,1,0.2543172356313135,0.43620527055960007,9.5,11.377990958440028,17,11,0.889590716028016,0.36342015944990463,0.9328782420337778,0.9220665737253831,0.008505760033585635,15
134,4,S4 Emergency avoidance with moving obstacle,standard,1,0.2546143160121236,0.43151562234636526,9.5,11.315964896327545,0,0,,,,,,0
134,4,S4 Emergency avoidance with moving obstacle,rls,1,0.2597576437416527,0.41892735040373036,9.600000000000001,11.227049359846488,82,82,,0.2,,,,0
134,5,S5 Continuously varying terrain,sindy,1,0.2655746597445806,0.6938313061162154,10.3,12.335808645288864,18,4,0.8870773524209467,0.25803295460792053,0.9057362624123495,0.9094451952301759,0.016319522194829895,14
134,5,S5 Continuously varying terrain,standard,1,0.26655477381960724,0.6460631324716252,10.3,12.232952043095583,0,0,,,,,,0
134,5,S5 Continuously varying terrain,rls,1,0.26655477381960724,0.6460631324716252,10.3,12.232952043095583,89,89,,0.2,,,,0
134,6,S6 High-mismatch asymmetric mud stress,sindy,1,0.30317566079385916,0.5069156867407335,16.1,19.502153340699955,30,1,0.8770259228601817,0.09323642575731,0.9658052726206117,0.9613730538871545,0.025240344135717817,14
134,6,S6 High-mismatch asymmetric mud stress,standard,1,0.29881696061091095,0.39389039761099953,16.6,18.790017871805333,0,0,,,,,,0
134,6,S6 High-mismatch asymmetric mud stress,rls,1,0.311067003923717,0.4014806004958332,16.5,18.796844867503026,151,151,,0.2,,,,0
135,1,S1 Slippery-surface avoidance,sindy,1,0.29496826424508604,1.355131515720405,12.200000000000001,14.900835315268665,22,3,0.8834533942397447,0.2167243386979624,0.9759463182793038,0.9833267724331617,0.019490173624385165,14
135,1,S1 Slippery-surface avoidance,standard,1,0.27856532905057474,1.297173495640756,12.200000000000001,14.55696016921719,0,0,,,,,,0
135,1,S1 Slippery-surface avoidance,rls,1,0.27856532905057474,1.297173495640756,12.200000000000001,14.55696016921719,108,108,,0.2,,,,0
135,2,S2 One-sided mud pit (benchmark),sindy,1,0.26882623405547945,0.38769536128003085,10.4,11.846279608825272,18,4,0.8667156798084633,0.2560632038044141,0.9233603470128954,0.9290947926290768,0.03482400369280994,14
135,2,S2 One-sided mud pit (benchmark),standard,1,0.28557171802752396,0.3432289173977654,10.4,11.562919912950827,0,0,,,,,,0
135,2,S2 One-sided mud pit (benchmark),rls,1,0.2671675175734323,0.3524821865703302,10.4,11.625150686893948,90,90,,0.2,,,,0
135,3,S3 One-sided mud pit (stress),sindy,1,0.30084933329294333,0.4826779908192395,14.3,17.2593566411996,26,1,0.9001891244465134,0.09451040184455825,0.9896953041118182,0.9887144058485414,0.016511933324794396,12
135,3,S3 One-sided mud pit (stress),standard,0,0.2956921201694591,0.37492156137267124,,16.591670902736478,0,0,,,,,,0
135,3,S3 One-sided mud pit (stress),rls,0,0.2976535150163914,0.3749815833316698,,16.585783958832106,134,134,,0.2,,,,0
135,4,S4 Emergency avoidance with moving obstacle,sindy,1,0.25217811586656996,0.43421466870603853,9.5,11.424480889633953,17,12,0.8826975849186361,0.3660420471116348,0.8531175087878884,0.7440597836226326,0.014344245225365102,15
135,4,S4 Emergency avoidance with moving obstacle,standard,1,0.25028258438454537,0.4352649001766773,9.5,11.303732062640968,0,0,,,,,,0
135,4,S4 Emergency avoidance with moving obstacle,rls,1,0.25462781883551316,0.42297427322310743,9.600000000000001,11.214963808852454,82,82,,0.2,,,,0
135,5,S5 Continuously varying terrain,sindy,1,0.25667461479102915,0.6948227977648294,10.3,12.345842149614334,18,9,0.8860312404778024,0.34860719449418515,0.9092721316619722,0.8633453665102362,0.011499349338295781,15
135,5,S5 Continuously varying terrain,standard,1,0.2628513788865195,0.6486934685737287,10.3,12.218395849995467,0,0,,,,,,0
135,5,S5 Continuously varying terrain,rls,1,0.2628513788865195,0.6486934685737287,10.3,12.218395849995467,89,89,,0.2,,,,0
135,6,S6 High-mismatch asymmetric mud stress,sindy,1,0.31159776333304806,0.5168609150777924,16.0,19.43538553573836,30,1,0.8691635147938578,0.09280399331366218,0.9700549361153106,0.9678011931202419,0.04546694963054364,12
135,6,S6 High-mismatch asymmetric mud stress,standard,1,0.30280915614645215,0.3906783929875069,16.6,18.69708495783262,0,0,,,,,,0
135,6,S6 High-mismatch asymmetric mud stress,rls,1,0.31482889364820166,0.39531043755909806,16.5,18.72811132815644,151,151,,0.2,,,,0
136,1,S1 Slippery-surface avoidance,sindy,1,0.2774298904353007,1.3258788443783247,12.3,14.941912212820455,22,8,0.8917993452705588,0.338861164898265,0.993485769351323,0.9937851892663977,0.006670537483314613,15
136,1,S1 Slippery-surface avoidance,standard,1,0.2855336433925403,1.2955370853645745,12.200000000000001,14.579634969954242,0,0,,,,,,0
136,1,S1 Slippery-surface avoidance,rls,1,0.2855336433925403,1.2955370853645745,12.200000000000001,14.579634969954242,108,108,,0.2,,,,0
136,2,S2 One-sided mud pit (benchmark),sindy,1,0.28473424980153483,0.35354199320457835,10.4,11.838194469752512,18,9,0.8712622737523562,0.34830628875270475,0.9713480238821851,0.9729744896027597,0.024422432185188962,15
136,2,S2 One-sided mud pit (benchmark),standard,1,0.268472992406868,0.34654332783775504,10.4,11.64150148023377,0,0,,,,,,0
136,2,S2 One-sided mud pit (benchmark),rls,1,0.28019182169566886,0.35435739657264886,10.4,11.607666287477073,90,90,,0.2,,,,0
136,3,S3 One-sided mud pit (stress),sindy,1,0.3021119931331923,0.4174515555746678,14.600000000000001,17.16231288396588,27,1,0.8709770031533842,0.09290373517343614,0.9436589160223479,0.9286924004160728,0.0246804559776799,15
136,3,S3 One-sided mud pit (stress),standard,0,0.30501789908448046,0.3761898279618171,,16.612231793386254,0,0,,,,,,0
136,3,S3 One-sided mud pit (stress),rls,0,0.30055220832453877,0.3775693287944136,,16.692478237225334,133,133,,0.2,,,,0
136,4,S4 Emergency avoidance with moving obstacle,sindy,1,0.2558301665937424,0.4344136453218531,9.5,11.455296046224161,17,11,0.8802636631064125,0.3625964953291619,0.9142244669060041,0.8839179799934702,0.01644718083544905,15
136,4,S4 Emergency avoidance with moving obstacle,standard,1,0.25461525642218663,0.43340406398611675,9.5,11.316000798465124,0,0,,,,,,0
136,4,S4 Emergency avoidance with moving obstacle,rls,1,0.2589121267694087,0.4206702509378339,9.600000000000001,11.22726559915397,82,82,,0.2,,,,0
136,5,S5 Continuously varying terrain,sindy,1,0.2659020457784182,0.7054763667645471,10.3,12.32567558983939,18,6,0.8838872317889371,0.3099058122952786,0.959206965187537,0.9552817641095865,0.019107943921716025,14
136,5,S5 Continuously varying terrain,standard,1,0.2648073571651771,0.6477404492701543,10.3,12.230825692993612,0,0,,,,,,0
136,5,S5 Continuously varying terrain,rls,1,0.2648073571651771,0.6477404492701543,10.3,12.230825692993612,89,89,,0.2,,,,0
136,6,S6 High-mismatch asymmetric mud stress,sindy,1,0.29692565597693127,0.513634574750498,16.1,19.534925819228746,30,1,0.8585171401036668,0.09221844270570168,0.8984703445921239,0.8820941797118473,0.04950384088871598,13
136,6,S6 High-mismatch asymmetric mud stress,standard,1,0.2994427066252605,0.3944405172707212,16.6,18.774364902750605,0,0,,,,,,0
136,6,S6 High-mismatch asymmetric mud stress,rls,1,0.31295410791571715,0.39734213182926426,16.5,18.78191794791519,151,151,,0.2,,,,0
137,1,S1 Slippery-surface avoidance,sindy,1,0.2963282999596625,1.3418567165807356,12.200000000000001,14.860457282349854,22,10,0.886658357293255,0.35665813391384515,0.9901970904157654,0.9901524162931137,0.016683547460431623,14
137,1,S1 Slippery-surface avoidance,standard,1,0.2814130115559636,1.2975914166090927,12.200000000000001,14.564014955109684,0,0,,,,,,0
137,1,S1 Slippery-surface avoidance,rls,1,0.2814130115559636,1.2975914166090927,12.200000000000001,14.564014955109684,108,108,,0.2,,,,0
137,2,S2 One-sided mud pit (benchmark),sindy,1,0.2752561155893235,0.35594245388242635,10.4,11.824499200887383,18,9,0.873645941668225,0.34527449432436497,0.9607226243016711,0.950532148470272,0.0222793468107146,15
137,2,S2 One-sided mud pit (benchmark),standard,1,0.28573479901151005,0.34550826680128843,10.4,11.563068894028525,0,0,,,,,,0
137,2,S2 One-sided mud pit (benchmark),rls,1,0.26736937391704446,0.3541114341983825,10.4,11.62522970990916,90,90,,0.2,,,,0
137,3,S3 One-sided mud pit (stress),sindy,1,0.3005942444432785,0.4303253024729328,14.5,17.246587481264566,27,3,0.8896966090993572,0.21762601444705404,0.9299013945321324,0.9261596698033974,0.019863958840926697,13
137,3,S3 One-sided mud pit (stress),standard,0,0.3001261332967291,0.37993554380955036,,16.58845506687634,0,0,,,,,,0
137,3,S3 One-sided mud pit (stress),rls,0,0.29957735738674945,0.37950035042605,,16.584332169415912,134,134,,0.2,,,,0
137,4,S4 Emergency avoidance with moving obstacle,sindy,1,0.25497112152349843,0.4347862531764987,9.5,11.40933919901107,17,10,0.8916856253333136,0.36051327864384164,0.9653277287951642,0.9618502177161825,0.006764621019520762,15
137,4,S4 Emergency avoidance with moving obstacle,standard,1,0.25179050993515256,0.43583022420009154,9.5,11.306735140383461,0,0,,,,,,0
137,4,S4 Emergency avoidance with moving obstacle,rls,1,0.25575622273613197,0.4236105653188701,9.600000000000001,11.217764194100065,82,82,,0.2,,,,0
137,5,S5 Continuously varying terrain,sindy,1,0.2669090007637445,0.7219989108067432,10.3,12.294058639642586,18,8,0.8984268709295087,0.3396767083419636,0.9662133181544676,0.9592304909235218,0.012295490117557786,13
137,5,S5 Continuously varying terrain,standard,1,0.26269808593359,0.6497881174774137,10.3,12.220467695286379,0,0,,,,,,0
137,5,S5 Continuously varying terrain,rls,1,0.2626121837455317,0.6497881174774137,10.3,12.220467695286379,89,89,,0.2,,,,0
137,6,S6 High-mismatch asymmetric mud stress,sindy,1,0.3073963553158607,0.4758968639991663,16.1,19.529367821069314,30,5,0.8605329289874253,0.285592259037872,0.9137737648222276,0.9064757004140026,0.03436376894595149,15
137,6,S6 High-mismatch asymmetric mud stress,standard,1,0.29958458199999927,0.39656797147005896,16.6,18.7478631061368,0,0,,,,,,0
137,6,S6 High-mismatch asymmetric mud stress,rls,1,0.30643154711633336,0.4041499637906422,16.5,18.783909190763275,151,151,,0.2,,,,0
138,1,S1 Slippery-surface avoidance,sindy,1,0.2753521224192478,1.3486099488046426,12.3,14.93944552235903,22,8,0.885678958812615,0.33992996959442523,0.9930412519287377,0.9941870759083109,0.011798076591775354,15
138,1,S1 Slippery-surface avoidance,standard,1,0.28309427200275705,1.2988419039715018,12.200000000000001,14.57443431862589,0,0,,,,,,0
138,1,S1 Slippery-surface avoidance,rls,1,0.28309427200275705,1.2988419039715018,12.200000000000001,14.57443431862589,108,108,,0.2,,,,0
138,2,S2 One-sided mud pit (benchmark),sindy,1,0.2823789794962117,0.35354321807629374,10.4,11.862084904156044,18,6,0.863677616251584,0.30883681854338735,0.9340015998922588,0.9187459021838482,0.03139850096309312,15
138,2,S2 One-sided mud pit (benchmark),standard,1,0.26114150603615366,0.3452941224221148,10.5,11.594975345738352,0,0,,,,,,0
138,2,S2 One-sided mud pit (benchmark),rls,1,0.270173044559432,0.3550381782964646,10.4,11.63603304954439,90,90,,0.2,,,,0
138,3,S3 One-sided mud pit (stress),sindy,1,0.2998360554472078,0.42283306787844105,14.5,17.279832728527282,27,3,0.8519819078430757,0.21602495358822776,0.9773559076589788,0.98014347220022,0.04265655792110529,15
138,3,S3 One-sided mud pit (stress),standard,1,0.2879245026819225,0.38008530371207866,14.8,16.661376416770306,0,0,,,,,,0
138,3,S3 One-sided mud pit (stress),rls,0,0.30771404931719204,0.37927411350062523,,16.63892613042274,133,133,,0.2,,,,0
138,4,S4 Emergency avoidance with moving obstacle,sindy,1,0.2570358885914724,0.44383657678667926,9.5,11.424340495235885,17,10,0.8974556681957464,0.35713434848579195,0.9351497158599393,0.9029939070979311,0.007507976036765244,14
138,4,S4 Emergency avoidance with moving obstacle,standard,1,0.2531045937680461,0.4364215533882847,9.5,11.315877174208346,0,0,,,,,,0
138,4,S4 Emergency avoidance with moving obstacle,rls,1,0.251449968813571,0.42624151548180544,9.5,11.32014328306508,81,81,,0.2,,,,0
138,5,S5 Continuously varying terrain,sindy,1,0.25780571718186224,0.7060750042546063,10.3,12.309384496237039,18,3,0.8744778830066365,0.2182016808228847,0.8949306078388684,0.898020984594515,0.021536746441449744,15
138,5,S5 Continuously varying terrain,standard,1,0.2628866484973039,0.6499645463405062,10.3,12.228430715166814,0,0,,,,,,0
138,5,S5 Continuously varying terrain,rls,1,0.2628866484973039,0.6499645463405062,10.3,12.228430715166814,89,89,,0.2,,,,0
138,6,S6 High-mismatch asymmetric mud stress,sindy,1,0.3062568493665219,0.4933279007692927,16.1,19.554161020227234,30,2,0.8794670821568694,0.16442906901267004,0.9780769285201093,0.9727133448041604,0.023036908990714637,14
138,6,S6 High-mismatch asymmetric mud stress,standard,1,0.3002269040614378,0.3964762450224528,16.6,18.76931904622702,0,0,,,,,,0
138,6,S6 High-mismatch asymmetric mud stress,rls,1,0.29765618693908635,0.39952073633800866,16.6,18.782659953168167,152,152,,0.2,,,,0
139,1,S1 Slippery-surface avoidance,sindy,1,0.2816160695332185,1.3771539963556376,12.3,14.897926403254912,22,7,0.8954150892157373,0.32725019524413246,0.9783031379005536,0.9748597263410378,0.00921010912950915,14
139,1,S1 Slippery-surface avoidance,standard,1,0.28327586694709017,1.2972058903474764,12.200000000000001,14.567422376744226,0,0,,,,,,0
139,1,S1 Slippery-surface avoidance,rls,1,0.28327586694709017,1.2972058903474764,12.200000000000001,14.567422376744226,108,108,,0.2,,,,0
139,2,S2 One-sided mud pit (benchmark),sindy,1,0.2654499910083263,0.388360645801327,10.4,11.826460814111398,18,1,0.9107868054452851,0.09509327429949069,0.9825720295933585,0.9796182119178283,0.00750980011826007,12
139,2,S2 One-sided mud pit (benchmark),standard,1,0.25937174903874166,0.3447353742759208,10.5,11.591613211374487,0,0,,,,,,0
139,2,S2 One-sided mud pit (benchmark),rls,1,0.26835817120000033,0.35323554584692524,10.4,11.632441302267734,90,90,,0.2,,,,0
139,3,S3 One-sided mud pit (stress),sindy,1,0.3044243656856551,0.4809080463924194,14.3,17.27425733680051,26,1,0.9125878708125044,0.09519233289468775,0.9868166067806491,0.985093731311644,0.011592609865039143,11
139,3,S3 One-sided mud pit (stress),standard,0,0.287713269958098,0.37242293756717737,,16.663566898612864,0,0,,,,,,0
139,3,S3 One-sided mud pit (stress),rls,0,0.3029361850412005,0.37244507666631466,,16.66552974312147,133,133,,0.2,,,,0
139,4,S4 Emergency avoidance with moving obstacle,sindy,1,0.25421826611165893,0.43333880936997987,9.5,11.380693074423114,17,10,0.8838651034996395,0.35934307475982,0.6332195439063701,0.19871566033383414,0.01912742223509636,14
139,4,S4 Emergency avoidance with moving obstacle,standard,1,0.25192814753941506,0.4343342986354195,9.5,11.310866129389233,0,0,,,,,,0
139,4,S4 Emergency avoidance with moving obstacle,rls,1,0.25662952216696816,0.4211939874293116,9.600000000000001,11.221957442998821,82,82,,0.2,,,,0
139,5,S5 Continuously varying terrain,sindy,1,0.2734205135705542,0.46886101400242847,10.5,12.313274447964028,19,3,0.8457799031828709,0.21402000795558712,0.4149679949470739,0.5002673505649256,0.048893966509820516,15
139,5,S5 Continuously varying terrain,standard,1,0.264060892389812,0.6483640510111927,10.3,12.225943854504145,0,0,,,,,,0
139,5,S5 Continuously varying terrain,rls,1,0.264060892389812,0.6483640510111927,10.3,12.225943854504145,89,89,,0.2,,,,0
139,6,S6 High-mismatch asymmetric mud stress,sindy,1,0.29586050375805145,0.5177613452092145,16.1,19.536903808144974,30,2,0.8253670472990173,0.16181205613207006,0.9496829486790821,0.9219171603563242,0.07091594546032977,15
139,6,S6 High-mismatch asymmetric mud stress,standard,1,0.3096806646829898,0.3856191930844105,16.7,18.629102499411072,0,0,,,,,,0
139,6,S6 High-mismatch asymmetric mud stress,rls,1,0.31385886632812593,0.39312904318624803,16.5,18.770957493013288,151,151,,0.2,,,,0
140,1,S1 Slippery-surface avoidance,sindy,1,0.29809070385801884,1.3349843548997817,12.200000000000001,14.895826234192544,22,12,0.9045752608056417,0.36624464842655663,0.9907426189475153,0.992293725975627,0.007132127891534386,13
140,1,S1 Slippery-surface avoidance,standard,1,0.27987700983238994,1.2961315495373265,12.200000000000001,14.561757061770354,0,0,,,,,,0
140,1,S1 Slippery-surface avoidance,rls,1,0.27987700983238994,1.2961315495373265,12.200000000000001,14.561757061770354,108,108,,0.2,,,,0
140,2,S2 One-sided mud pit (benchmark),sindy,1,0.27822381897645987,0.3530424134382759,10.4,11.827034823678908,18,12,0.8930808576670297,0.3672078919905288,0.9464144130526541,0.9359840580928465,0.011175120903928734,14
140,2,S2 One-sided mud pit (benchmark),standard,1,0.28563533862245943,0.34335384683792314,10.4,11.567395922672365,0,0,,,,,,0
140,2,S2 One-sided mud pit (benchmark),rls,1,0.26719369635743484,0.3521586873773498,10.4,11.62971646047233,90,90,,0.2,,,,0
140,3,S3 One-sided mud pit (stress),sindy,1,0.28583718293688215,0.4433089835425692,14.5,17.272449411913495,27,3,0.8802833186559956,0.2158307387477775,0.9824583627762608,0.9849627141767872,0.016430109352735194,15
140,3,S3 One-sided mud pit (stress),standard,0,0.3032269415407055,0.37360137870036664,,16.568945819539017,0,0,,,,,,0
140,3,S3 One-sided mud pit (stress),rls,0,0.2867072640886995,0.37496112721696007,,16.645432774898826,134,134,,0.2,,,,0
140,4,S4 Emergency avoidance with moving obstacle,sindy,1,0.25363090155096957,0.43250951695524253,9.5,11.347776533865844,17,11,0.9090012297414278,0.36434703826350573,0.812275681320434,0.786534785420283,0.014656500555825774,11
140,4,S4 Emergency avoidance with moving obstacle,standard,1,0.2530450573924122,0.43349480828099857,9.5,11.3079349682497,0,0,,,,,,0
140,4,S4 Emergency avoidance with moving obstacle,rls,1,0.25679580966487214,0.42075425080965845,9.600000000000001,11.21883345569399,82,82,,0.2,,,,0
140,5,S5 Continuously varying terrain,sindy,1,0.25820270152977326,0.6846003480930126,10.3,12.294179028706461,18,3,0.895796515662528,0.21886897476374723,0.9576452067383181,0.9514330651726656,0.008890842445501002,14
140,5,S5 Continuously varying terrain,standard,1,0.26269661354293794,0.6476220820871571,10.3,12.22403070859452,0,0,,,,,,0
140,5,S5 Continuously varying terrain,rls,1,0.26269661354293794,0.6476220820871571,10.3,12.22403070859452,89,89,,0.2,,,,0
140,6,S6 High-mismatch asymmetric mud stress,sindy,1,0.3061183054812696,0.46976392070047307,16.1,19.53727481141261,30,5,0.8845703637595149,0.28468812498946056,0.9800908478186119,0.9848212045893432,0.01850755186151553,14
140,6,S6 High-mismatch asymmetric mud stress,standard,1,0.30953962272849717,0.38838170016501783,16.7,18.593733381652466,0,0,,,,,,0
140,6,S6 High-mismatch asymmetric mud stress,rls,1,0.31341666879874697,0.39497487496314077,16.5,18.744994453135412,151,151,,0.2,,,,0
141,1,S1 Slippery-surface avoidance,sindy,1,0.2992007789536762,1.3458650635262246,12.200000000000001,14.93435737084537,22,9,0.8884693689076767,0.35051574353730774,0.9878103446061568,0.9844445262431808,0.009444009606981284,15
141,1,S1 Slippery-surface avoidance,standard,1,0.2837325066054199,1.301765493751934,12.200000000000001,14.582222682823597,0,0,,,,,,0
141,1,S1 Slippery-surface avoidance,rls,1,0.2837325066054199,1.301765493751934,12.200000000000001,14.582222682823597,108,108,,0.2,,,,0
141,2,S2 One-sided mud pit (benchmark),sindy,1,0.275141858505447,0.37631334413213663,10.4,11.91627836927404,18,3,0.8372145590376453,0.21434053199687705,0.9237408535386591,0.9389839535382655,0.06509296871767359,14
141,2,S2 One-sided mud pit (benchmark),standard,1,0.2848027301423695,0.348610467248282,10.4,11.591099296339308,0,0,,,,,,0
141,2,S2 One-sided mud pit (benchmark),rls,1,0.27125054090892303,0.3587905839568542,10.4,11.64230592257283,90,90,,0.2,,,,0
141,3,S3 One-sided mud pit (stress),sindy,1,0.3012100514812975,0.48909547314440277,14.3,17.303569778203535,26,1,0.8924560394205319,0.09408508216812926,0.9795513595754923,0.9731257595308056,0.01744064467482087,13
141,3,S3 One-sided mud pit (stress),standard,1,0.2868075125920576,0.3812060013086368,14.8,16.668371051331576,0,0,,,,,,0
141,3,S3 One-sided mud pit (stress),rls,1,0.3011061931945906,0.3807832829773198,14.700000000000001,16.670257579231663,133,133,,0.2,,,,0
141,4,S4 Emergency avoidance with moving obstacle,sindy,1,0.25195483171968586,0.44107350570187004,9.5,11.473631798126561,17,11,0.9037429244880466,0.3643659296499559,0.950770295030101,0.9346852918078983,0.0078233638693645,13
141,4,S4 Emergency avoidance with moving obstacle,standard,1,0.2569465751470024,0.4393049734861611,9.5,11.320172752025266,0,0,,,,,,0
141,4,S4 Emergency avoidance with moving obstacle,rls,1,0.2610763421873053,0.4275848097600719,9.600000000000001,11.231441335899772,82,82,,0.2,,,,0
141,5,S5 Continuously varying terrain,sindy,1,0.2614006123114589,0.69007949577905,10.3,12.322525912392516,18,5,0.9065387368987491,0.287660310876411,0.9149276044795703,0.8984286122514118,0.011069786191809983,12
141,5,S5 Continuously varying terrain,standard,1,0.2658028313776516,0.6530606812903034,10.3,12.233650974909109,0,0,,,,,,0
141,5,S5 Continuously varying terrain,rls,1,0.2658028313776516,0.6530606812903034,10.3,12.233650974909109,89,89,,0.2,,,,0
141,6,S6 High-mismatch asymmetric mud stress,sindy,1,0.303200690154739,0.4978535016231853,16.1,19.535820357570408,30,2,0.8741694269793929,0.16395539127953296,0.9671718158815603,0.9697057947123142,0.021811756293491042,15
141,6,S6 High-mismatch asymmetric mud stress,standard,1,0.2987426130956644,0.3986136577777274,16.6,18.78072161521168,0,0,,,,,,0
141,6,S6 High-mismatch asymmetric mud stress,rls,1,0.3130416601704814,0.4020474941777393,16.5,18.77581227533017,151,151,,0.2,,,,0
142,1,S1 Slippery-surface avoidance,sindy,1,0.27857668372383965,1.3376134420158283,12.3,14.918321595178902,22,10,0.8890114116410767,0.35534555720124017,0.9828742621068174,0.9779503575605949,0.00898992392368112,15
142,1,S1 Slippery-surface avoidance,standard,1,0.2850265907087665,1.2989906874690527,12.200000000000001,14.582319090899142,0,0,,,,,,0
142,1,S1 Slippery-surface avoidance,rls,1,0.2850265907087665,1.2989906874690527,12.200000000000001,14.582319090899142,108,108,,0.2,,,,0
142,2,S2 One-sided mud pit (benchmark),sindy,1,0.27426655769875113,0.3750884666323642,10.4,11.867233891163664,18,10,0.8465923559213673,0.3535993657674773,0.8551106941220011,0.7869733372570505,0.048065718456329246,15
142,2,S2 One-sided mud pit (benchmark),standard,1,0.26268377801926435,0.34694935254166837,10.5,11.601814781802474,0,0,,,,,,0
142,2,S2 One-sided mud pit (benchmark),rls,1,0.27268007263379496,0.35669205422488987,10.4,11.642449747795537,90,90,,0.2,,,,0
142,3,S3 One-sided mud pit (stress),sindy,1,0.2848342995769387,0.45833310999923343,14.4,17.402660388373693,26,2,0.862407835131718,0.16412695651382547,0.9771587332431271,0.9699334241496583,0.0325905481214837,15
142,3,S3 One-sided mud pit (stress),standard,1,0.30179728231794617,0.38002354921595377,14.8,16.63111373222825,0,0,,,,,,0
142,3,S3 One-sided mud pit (stress),rls,0,0.3070238533438219,0.3791515414385722,,16.675465566304222,133,133,,0.2,,,,0
142,4,S4 Emergency avoidance with moving obstacle,sindy,1,0.2611235046335613,0.43525336961588706,9.5,11.440132083254165,17,10,0.8860715718103553,0.3588331075316552,0.905501103487765,0.9053406958680787,0.017194466180694947,14
142,4,S4 Emergency avoidance with moving obstacle,standard,1,0.256230319968037,0.4362031426094503,9.5,11.318831037393497,0,0,,,,,,0
142,4,S4 Emergency avoidance with moving obstacle,rls,1,0.2600941876433789,0.42318637654352703,9.600000000000001,11.230407009225145,82,82,,0.2,,,,0
142,5,S5 Continuously varying terrain,sindy,1,0.2655283837514091,0.6862505847165651,10.3,12.312342660591312,18,8,0.9132901093204879,0.34177567369470585,0.9664733525638923,0.9544729837719056,0.010998177969819575,11
142,5,S5 Continuously varying terrain,standard,1,0.26835559985070445,0.6502969621511605,10.3,12.234871170548525,0,0,,,,,,0
142,5,S5 Continuously varying terrain,rls,1,0.26835559985070445,0.6502969621511605,10.3,12.234871170548525,89,89,,0.2,,,,0
142,6,S6 High-mismatch asymmetric mud stress,sindy,1,0.30422248477704245,0.5163620928173965,16.1,19.519208621801393,30,1,0.9038717656044892,0.09471294710824692,0.9798779679689583,0.9773648075324469,0.013337592590852336,12
142,6,S6 High-mismatch asymmetric mud stress,standard,1,0.30197363224649004,0.3979938636665001,16.6,18.80142023012929,0,0,,,,,,0
142,6,S6 High-mismatch asymmetric mud stress,rls,1,0.3160102685147341,0.4013631788707351,16.5,18.796329281417595,151,151,,0.2,,,,0
143,1,S1 Slippery-surface avoidance,sindy,1,0.27561215645318443,1.3439981973897697,12.3,14.925363650001481,22,9,0.8906043532587334,0.34966197561022816,0.9892439709886678,0.9895009199904764,0.007661404228131243,15
143,1,S1 Slippery-surface avoidance,standard,1,0.2791381422502044,1.3006270641347006,12.200000000000001,14.561815075321107,0,0,,,,,,0
143,1,S1 Slippery-surface avoidance,rls,1,0.2791381422502044,1.3006270641347006,12.200000000000001,14.561815075321107,108,108,,0.2,,,,0
143,2,S2 One-sided mud pit (benchmark),sindy,1,0.2642873125704062,0.35655586456810895,10.4,11.872221524634035,18,5,0.8876306073668246,0.28602751167894214,0.9867254233661988,0.985298577924554,0.01014870395725089,15
143,2,S2 One-sided mud pit (benchmark),standard,1,0.28464808198721614,0.3463583896266779,10.4,11.564617004217927,0,0,,,,,,0
143,2,S2 One-sided mud pit (benchmark),rls,1,0.2662566339188616,0.355603244140622,10.4,11.626840461166035,90,90,,0.2,,,,0
143,3,S3 One-sided mud pit (stress),sindy,1,0.3041999659876181,0.4696819096040415,14.3,17.259597489011668,26,1,0.9132751838203499,0.09523013511011924,0.9859140750388465,0.9849278001508314,0.011010793770450793,11
143,3,S3 One-sided mud pit (stress),standard,0,0.3015352139583105,0.3788459056817587,,16.647471930167246,0,0,,,,,,0
143,3,S3 One-sided mud pit (stress),rls,1,0.29774658402865994,0.3800624117086233,14.700000000000001,16.66010485906931,133,133,,0.2,,,,0
143,4,S4 Emergency avoidance with moving obstacle,sindy,1,0.2524652576809156,0.43711227767366667,9.5,11.330134761499393,17,10,0.8875873080232072,0.3576130185588671,0.8698682723324126,0.8412343772446561,0.015877362055252236,14
143,4,S4 Emergency avoidance with moving obstacle,standard,1,0.2517985688454571,0.4381307839598735,9.5,11.3092380290704,0,0,,,,,,0
143,4,S4 Emergency avoidance with moving obstacle,rls,1,0.25013266905237475,0.42796180163348624,9.5,11.31363961052771,81,81,,0.2,,,,0
143,5,S5 Continuously varying terrain,sindy,1,0.26284503682336885,0.6618521586739925,10.3,12.248631083223588,18,2,0.8872845749098792,0.11149138847392295,0.9735014015768327,0.9719140582923314,0.010440151804019006,15
143,5,S5 Continuously varying terrain,standard,1,0.26320861318474625,0.6513665487258283,10.3,12.222892036865412,0,0,,,,,,0
143,5,S5 Continuously varying terrain,rls,1,0.26320861318474625,0.6513665487258283,10.3,12.222892036865412,89,89,,0.2,,,,0
143,6,S6 High-mismatch asymmetric mud stress,sindy,1,0.314583980495303,0.5122522471737546,16.0,19.465443612965203,30,1,0.8468363411569296,0.09157599876363115,0.8967857060249714,0.8796388487753414,0.047817657988293065,15
143,6,S6 High-mismatch asymmetric mud stress,standard,1,0.3149427564292543,0.3964725795093673,16.5,18.729491215182264,0,0,,,,,,0
143,6,S6 High-mismatch asymmetric mud stress,rls,1,0.3119399020361894,0.3995487822268665,16.5,18.754661408832572,151,151,,0.2,,,,0
144,1,S1 Slippery-surface avoidance,sindy,1,0.29834736233397197,1.3530360232655105,12.200000000000001,14.897074254836637,22,6,0.8941890009652952,0.311774796386273,0.9868434652235486,0.9871981756179462,0.010239851931366962,14
144,1,S1 Slippery-surface avoidance,standard,1,0.2810995779205593,1.3016140885412606,12.200000000000001,14.563917811842595,0,0,,,,,,0
144,1,S1 Slippery-surface avoidance,rls,1,0.2810995779205593,1.3016140885412606,12.200000000000001,14.563917811842595,108,108,,0.2,,,,0
144,2,S2 One-sided mud pit (benchmark),sindy,1,0.2687321256615115,0.37457109487581935,10.3,11.911981578951995,18,8,0.9046785595234061,0.33807319045096906,0.977773414645494,0.9748952346810754,0.018412625723162223,11
144,2,S2 One-sided mud pit (benchmark),standard,1,0.2834981617821286,0.3473270250995732,10.4,11.566684632321117,0,0,,,,,,0
144,2,S2 One-sided mud pit (benchmark),rls,1,0.26504767168130416,0.35538506428362526,10.4,11.629160356756653,90,90,,0.2,,,,0
144,3,S3 One-sided mud pit (stress),sindy,1,0.2951789421427192,0.4633583503695209,14.3,17.367172237826768,26,2,0.8575111370467389,0.16295692785925675,0.9632305619696989,0.9409134913061504,0.03725518142348146,15
144,3,S3 One-sided mud pit (stress),standard,0,0.29447635293101593,0.37973542126516513,,16.58996560370289,0,0,,,,,,0
144,3,S3 One-sided mud pit (stress),rls,1,0.29920461839922385,0.3820576183240756,14.700000000000001,16.649330335552634,133,133,,0.2,,,,0
144,4,S4 Emergency avoidance with moving obstacle,sindy,1,0.25242752880807,0.4483738151434601,9.5,11.44677372317669,17,14,0.8838245649161822,0.36976217646493925,0.6351302932768483,0.19974378732668685,0.019163111037417108,14
144,4,S4 Emergency avoidance with moving obstacle,standard,1,0.2526378473959964,0.4385032069201134,9.5,11.310418769419911,0,0,,,,,,0
144,4,S4 Emergency avoidance with moving obstacle,rls,1,0.25097861840664937,0.4283463205215246,9.5,11.314746222622762,81,81,,0.2,,,,0
144,5,S5 Continuously varying terrain,sindy,1,0.2559346370986362,0.6884788263022935,10.3,12.3683936815231,18,7,0.8915186841126435,0.3271883156040017,0.9653817355143435,0.971599952972964,0.012501063013286838,14
144,5,S5 Continuously varying terrain,standard,1,0.26021489808327153,0.6518634590934236,10.3,12.22287322331624,0,0,,,,,,0
144,5,S5 Continuously varying terrain,rls,1,0.26021489808327153,0.6518634590934236,10.3,12.22287322331624,89,89,,0.2,,,,0
144,6,S6 High-mismatch asymmetric mud stress,sindy,1,0.3124050229729034,0.45056942695109403,16.1,19.451450896251117,30,2,0.8433326198526633,0.1616652895370045,0.9749887366614274,0.9677916487285196,0.05140975868279195,15
144,6,S6 High-mismatch asymmetric mud stress,standard,1,0.31344394239234263,0.39943201687829866,16.5,18.72118330029341,0,0,,,,,,0
144,6,S6 High-mismatch asymmetric mud stress,rls,1,0.3109075322858367,0.4025573348612032,16.5,18.734539505260088,151,151,,0.2,,,,0
145,1,S1 Slippery-surface avoidance,sindy,1,0.2788170682217325,1.3418391402990955,12.3,14.955218192374813,22,9,0.8974138868209918,0.350016672236181,0.9907332463587255,0.9894134882836971,0.007542682771567784,14
145,1,S1 Slippery-surface avoidance,standard,1,0.284962588170574,1.29750607262664,12.200000000000001,14.575708848892583,0,0,,,,,,0
145,1,S1 Slippery-surface avoidance,rls,1,0.284962588170574,1.29750607262664,12.200000000000001,14.575708848892583,108,108,,0.2,,,,0
145,2,S2 One-sided mud pit (benchmark),sindy,1,0.26797558075709715,0.3728678446082012,10.4,11.86817467575336,18,5,0.891802870788359,0.2863841563271915,0.9734371876630381,0.9737631770766864,0.012259195921892377,14
145,2,S2 One-sided mud pit (benchmark),standard,1,0.26005844675723466,0.34638572633544296,10.5,11.5947338321,0,0,,,,,,0
145,2,S2 One-sided mud pit (benchmark),rls,1,0.2688516800008341,0.35471913628056184,10.4,11.63547004192928,90,90,,0.2,,,,0
145,3,S3 One-sided mud pit (stress),sindy,1,0.30767805611591603,0.45970754079006415,14.3,17.291980356256488,26,3,0.8980411627430608,0.21782417508192442,0.9735493804041436,0.9728630952282552,0.018386953371226797,12
145,3,S3 One-sided mud pit (stress),standard,1,0.2858576501378113,0.3808977797000127,14.8,16.66579647020238,0,0,,,,,,0
145,3,S3 One-sided mud pit (stress),rls,0,0.306131325833776,0.3798371719234904,,16.642816129806526,133,133,,0.2,,,,0
145,4,S4 Emergency avoidance with moving obstacle,sindy,1,0.25609031479218913,0.4442421627072572,9.5,11.391367389179912,17,11,0.8897305063450003,0.36233429705634435,0.9354763640440258,0.9052494652608234,0.008389103132599192,15
145,4,S4 Emergency avoidance with moving obstacle,standard,1,0.2549547819114487,0.4353381217886577,9.5,11.314687486598613,0,0,,,,,,0
145,4,S4 Emergency avoidance with moving obstacle,rls,1,0.2532936821722944,0.4251259977609234,9.5,11.319069996282717,81,81,,0.2,,,,0
145,5,S5 Continuously varying terrain,sindy,1,0.2595916032657234,0.6852693309832515,10.3,12.32607129202987,18,9,0.8614679236441963,0.34793375567146934,0.522065497828466,0.23017786622303282,0.03988417742602691,14
145,5,S5 Continuously varying terrain,standard,1,0.26368445885115643,0.6491259070669569,10.3,12.227742252322921,0,0,,,,,,0
145,5,S5 Continuously varying terrain,rls,1,0.26368445885115643,0.6491259070669569,10.3,12.227742252322921,89,89,,0.2,,,,0
145,6,S6 High-mismatch asymmetric mud stress,sindy,1,0.30337871604447575,0.4918571502942646,16.1,19.55176311613985,30,2,0.8797862278443315,0.1642984936612508,0.9664070875318573,0.976813401012335,0.022750628259953283,14
145,6,S6 High-mismatch asymmetric mud stress,standard,1,0.2983664983560764,0.398496367800305,16.6,18.780515868517593,0,0,,,,,,0
145,6,S6 High-mismatch asymmetric mud stress,rls,1,0.31218105868380897,0.4021458267003482,16.5,18.77562343197696,151,151,,0.2,,,,0
146,1,S1 Slippery-surface avoidance,sindy,1,0.27685636151314535,1.3427860279471666,12.3,14.9357630442914,22,11,0.9111822897474259,0.36354217035690695,0.9885588315226451,0.9858144734529504,0.007181576259222018,12
146,1,S1 Slippery-surface avoidance,standard,1,0.2838446858750632,1.297039771274412,12.200000000000001,14.578769785614213,0,0,,,,,,0
146,1,S1 Slippery-surface avoidance,rls,1,0.2838446858750632,1.297039771274412,12.200000000000001,14.578769785614213,108,108,,0.2,,,,0
146,2,S2 One-sided mud pit (benchmark),sindy,1,0.2826294992532014,0.3520748772947777,10.4,11.839205091949177,18,15,0.8959099745555524,0.37421839054750444,0.9619811510420487,0.9563845257348903,0.014448221497718928,13
146,2,S2 One-sided mud pit (benchmark),standard,1,0.2615588799983268,0.34304020514351713,10.5,11.599990251713203,0,0,,,,,,0
146,2,S2 One-sided mud pit (benchmark),rls,1,0.270220788359019,0.35297332116232283,10.4,11.640613551876275,90,90,,0.2,,,,0
146,3,S3 One-sided mud pit (stress),sindy,1,0.3015378933927918,0.4433515893432983,14.5,17.22561938219253,27,4,0.8762602091110203,0.25566067981294766,0.9412855921316592,0.9510091834811063,0.019955042631519686,15
146,3,S3 One-sided mud pit (stress),standard,0,0.30210616243708066,0.3769301321588999,,16.610712344682014,0,0,,,,,,0
146,3,S3 One-sided mud pit (stress),rls,0,0.3001292558045439,0.37738171302796203,,16.615222506977116,134,134,,0.2,,,,0
146,4,S4 Emergency avoidance with moving obstacle,sindy,1,0.25492793295173644,0.4334684243333597,9.5,11.422158121899628,17,10,0.8751750880839514,0.3592714949658724,0.8312208236484888,0.6880210069118143,0.020916529802507848,15
146,4,S4 Emergency avoidance with moving obstacle,standard,1,0.2542927482026904,0.43442018938023885,9.5,11.315821969730335,0,0,,,,,,0
146,4,S4 Emergency avoidance with moving obstacle,rls,1,0.25263734393139264,0.42420453267238495,9.5,11.320204425066207,81,81,,0.2,,,,0
146,5,S5 Continuously varying terrain,sindy,1,0.26536688899219363,0.7051379499523279,10.3,12.29034425277138,18,3,0.8715065066729244,0.216753324818827,0.8577451431356926,0.8500727631190268,0.02420179066199553,15
146,5,S5 Continuously varying terrain,standard,1,0.2658311724579237,0.6488870582833923,10.3,12.23280054979401,0,0,,,,,,0
146,5,S5 Continuously varying terrain,rls,1,0.2657433793633025,0.6488870582833923,10.3,12.23280054979401,89,89,,0.2,,,,0
146,6,S6 High-mismatch asymmetric mud stress,sindy,1,0.2995592295117677,0.5272211938211053,16.1,19.499202912517156,30,1,0.9024840617241083,0.09463662339482598,0.9830809716021207,0.9828415323674644,0.008873380398398016,13
146,6,S6 High-mismatch asymmetric mud stress,standard,1,0.2997246945945159,0.39338344473343156,16.6,18.774340617229836,0,0,,,,,,0
146,6,S6 High-mismatch asymmetric mud stress,rls,1,0.3140429532645848,0.39685627959556624,16.5,18.782018847433587,151,151,,0.2,,,,0
147,1,S1 Slippery-surface avoidance,sindy,1,0.2983618162545461,1.3614899320929121,12.200000000000001,14.91517298802848,22,8,0.9095900635023465,0.33973742581347993,0.9889405703733686,0.9914690969962189,0.008506304734623165,12
147,1,S1 Slippery-surface avoidance,standard,1,0.28208389925376903,1.302420346057185,12.200000000000001,14.566799771455917,0,0,,,,,,0
147,1,S1 Slippery-surface avoidance,rls,1,0.28208389925376903,1.302420346057185,12.200000000000001,14.566799771455917,108,108,,0.2,,,,0
147,2,S2 One-sided mud pit (benchmark),sindy,1,0.28020196691387206,0.3550715221039944,10.4,11.842136205084508,18,4,0.892432644377695,0.25621333520874384,0.9803360149915641,0.9855166840606376,0.023367316796694997,12
147,2,S2 One-sided mud pit (benchmark),standard,1,0.25861253315092925,0.3466782283863065,10.5,11.58839407061297,0,0,,,,,,0
147,2,S2 One-sided mud pit (benchmark),rls,1,0.2681470551086049,0.35590304323825833,10.4,11.629060238425017,90,90,,0.2,,,,0
147,3,S3 One-sided mud pit (stress),sindy,1,0.30458651112968277,0.4842552982228707,14.3,17.27453082202801,26,1,0.9056906034007646,0.09481298318704207,0.9872415877541979,0.9866057486487435,0.01752687850949227,11
147,3,S3 One-sided mud pit (stress),standard,0,0.30379385155078414,0.3769685805563035,,16.596832154968087,0,0,,,,,,0
147,3,S3 One-sided mud pit (stress),rls,0,0.30435330158140184,0.3768839900660878,,16.58885265730714,134,134,,0.2,,,,0
147,4,S4 Emergency avoidance with moving obstacle,sindy,1,0.24731740930959561,0.4404579745026083,9.5,11.352753488984039,17,8,0.8976991802802226,0.34221781632648296,0.9553566343798423,0.9462169879521735,0.00730581644234582,14
147,4,S4 Emergency avoidance with moving obstacle,standard,1,0.25180498064790835,0.43936859766758507,9.5,11.31024810631353,0,0,,,,,,0
147,4,S4 Emergency avoidance with moving obstacle,rls,1,0.25014947633868356,0.4291919058424053,9.5,11.314545342807026,81,81,,0.2,,,,0
147,5,S5 Continuously varying terrain,sindy,1,0.2616313452989573,0.6992986426960222,10.3,12.296684089650281,18,8,0.9119401550313555,0.3408533052835596,0.9641530075503635,0.9571061566968331,0.006554103109288343,12
147,5,S5 Continuously varying terrain,standard,1,0.2641801936742483,0.6532111901498605,10.3,12.225323157501629,0,0,,,,,,0
147,5,S5 Continuously varying terrain,rls,1,0.2641801936742483,0.6532111901498605,10.3,12.225323157501629,89,89,,0.2,,,,0
147,6,S6 High-mismatch asymmetric mud stress,sindy,1,0.30313217697893485,0.5206153946169843,16.1,19.464030792588858,30,1,0.8825809465142883,0.09354195205828586,0.9608636247621493,0.9502635646535049,0.03242761545161513,12
147,6,S6 High-mismatch asymmetric mud stress,standard,1,0.29817699761784466,0.39351741905406273,16.6,18.758772202178573,0,0,,,,,,0
147,6,S6 High-mismatch asymmetric mud stress,rls,1,0.31150335911613625,0.40110911076002115,16.5,18.76654079429275,151,151,,0.2,,,,0
148,1,S1 Slippery-surface avoidance,sindy,1,0.2786114782795953,1.3435734726262294,12.3,14.952962155046286,22,12,0.8966084693750701,0.3666065171022072,0.9780345667049917,0.9740945986854789,0.00821290252807669,14
148,1,S1 Slippery-surface avoidance,standard,1,0.28540188465541494,1.2939278452774174,12.200000000000001,14.577264191924616,0,0,,,,,,0
148,1,S1 Slippery-surface avoidance,rls,1,0.28540188465541494,1.2939278452774174,12.200000000000001,14.577264191924616,108,108,,0.2,,,,0
148,2,S2 One-sided mud pit (benchmark),sindy,1,0.2801741763607446,0.3519309095303874,10.4,11.852605366883159,18,12,0.8964621391493385,0.3645802907217587,0.9561553760917363,0.9475033784751488,0.00833491116725232,14
148,2,S2 One-sided mud pit (benchmark),standard,1,0.26154974803475733,0.34298406440395013,10.5,11.598633026498437,0,0,,,,,,0
148,2,S2 One-sided mud pit (benchmark),rls,1,0.2701850074425655,0.35240257866538,10.4,11.639437510149275,90,90,,0.2,,,,0
148,3,S3 One-sided mud pit (stress),sindy,1,0.3052592223220345,0.41101503613163504,14.600000000000001,17.140547125317042,27,5,0.8774627007071699,0.2846860098145476,0.9479810083992501,0.9374786025346131,0.018894929169701976,15
148,3,S3 One-sided mud pit (stress),standard,0,0.29099090647098635,0.37236066680662105,,16.659224107701718,0,0,,,,,,0
148,3,S3 One-sided mud pit (stress),rls,0,0.2905930231963318,0.37190815169996405,,16.595422143230536,135,135,,0.2,,,,0
148,4,S4 Emergency avoidance with moving obstacle,sindy,1,0.25240823960443054,0.43172731385261465,9.5,11.424575601183964,17,10,0.8873986895782503,0.3579179206534635,0.9621982125353515,0.9610351011056952,0.010343991118267901,15
148,4,S4 Emergency avoidance with moving obstacle,standard,1,0.2537993595941245,0.4327005715787934,9.5,11.312985782228843,0,0,,,,,,0
148,4,S4 Emergency avoidance with moving obstacle,rls,1,0.25811675160094066,0.420529584182921,9.600000000000001,11.224436055486358,82,82,,0.2,,,,0
148,5,S5 Continuously varying terrain,sindy,1,0.2599947686688486,0.682867824336346,10.3,12.369724138469323,18,9,0.8903964215382886,0.34915903182991004,0.8974989794499779,0.851143497708271,0.013459072723841479,14
148,5,S5 Continuously varying terrain,standard,1,0.26523758662501046,0.6459697783324916,10.3,12.231144896754133,0,0,,,,,,0
148,5,S5 Continuously varying terrain,rls,1,0.26523758662501046,0.6459697783324916,10.3,12.231144896754133,89,89,,0.2,,,,0
148,6,S6 High-mismatch asymmetric mud stress,sindy,1,0.3032113662580692,0.5098641213688824,16.1,19.473379426463172,30,4,0.8202496423414046,0.25424358944708736,0.6554289838972374,0.5156014755003429,0.0768390147239065,15
148,6,S6 High-mismatch asymmetric mud stress,standard,1,0.3054164225635542,0.3889678241369772,16.6,18.75280261262037,0,0,,,,,,0
148,6,S6 High-mismatch asymmetric mud stress,rls,1,0.29650795354330023,0.39787510631932954,16.6,18.81130471328306,152,152,,0.2,,,,0
149,1,S1 Slippery-surface avoidance,sindy,1,0.27611822295281535,1.3507434971914236,12.3,14.917271508633963,22,11,0.8887475571536056,0.36226115449331914,0.9875142817175802,0.9875015481606154,0.009210834074222164,15
149,1,S1 Slippery-surface avoidance,standard,1,0.2811857299238964,1.2913667497756542,12.200000000000001,14.566310887109024,0,0,,,,,,0
149,1,S1 Slippery-surface avoidance,rls,1,0.2811857299238964,1.2913667497756542,12.200000000000001,14.566310887109024,108,108,,0.2,,,,0
149,2,S2 One-sided mud pit (benchmark),sindy,1,0.2682510489003341,0.3672314145778594,10.4,11.900281957771675,18,4,0.8882828098081377,0.25788821006242063,0.9837611037807057,0.9840061579937168,0.009600534625546607,15
149,2,S2 One-sided mud pit (benchmark),standard,0,0.2630492444045745,0.3398004120732805,,11.577528235346572,0,0,,,,,,0
149,2,S2 One-sided mud pit (benchmark),rls,1,0.27729568997709936,0.3515162357574355,10.4,11.608454004979492,90,90,,0.2,,,,0
149,3,S3 One-sided mud pit (stress),sindy,1,0.287682287204124,0.42148535355441547,14.600000000000001,17.257657743813883,27,3,0.8666817780919684,0.21600068608737713,0.9842562698131974,0.9883893297912972,0.034856286113122234,14
149,3,S3 One-sided mud pit (stress),standard,0,0.2926925768381314,0.37140750098466147,,16.645899530854457,0,0,,,,,,0
149,3,S3 One-sided mud pit (stress),rls,0,0.29216875127668374,0.37077814893543276,,16.583149715890148,135,135,,0.2,,,,0
149,4,S4 Emergency avoidance with moving obstacle,sindy,1,0.2439198748081254,0.4537850087489123,9.5,11.478375270691863,17,12,0.8828606327940707,0.36438545026310354,0.903283770209853,0.8319650526251817,0.020013605896234556,14
149,4,S4 Emergency avoidance with moving obstacle,standard,1,0.2530489218181968,0.43042962297215076,9.5,11.30881810338788,0,0,,,,,,0
149,4,S4 Emergency avoidance with moving obstacle,rls,1,0.25830888601130914,0.4186798006806229,9.600000000000001,11.220028136169645,82,82,,0.2,,,,0
149,5,S5 Continuously varying terrain,sindy,1,0.2603808205268975,0.6803157011042422,10.3,12.28163493115208,18,1,0.9119273502473585,0.09515600426360474,0.9772928068100145,0.9755155225422835,0.006564688473141316,12
149,5,S5 Continuously varying terrain,standard,1,0.2644717580861745,0.6435225943852696,10.3,12.225903116208034,0,0,,,,,,0
149,5,S5 Continuously varying terrain,rls,1,0.2644717580861745,0.6435225943852696,10.3,12.225903116208034,89,89,,0.2,,,,0
149,6,S6 High-mismatch asymmetric mud stress,sindy,1,0.30523285976711306,0.47767878140786757,16.1,19.551573357532774,30,4,0.8687656893642839,0.25483666636690994,0.9760702065624852,0.9825958950796169,0.026691934477665134,15
149,6,S6 High-mismatch asymmetric mud stress,standard,1,0.3066738836861088,0.3859631604707961,16.7,18.643851522470914,0,0,,,,,,0
149,6,S6 High-mismatch asymmetric mud stress,rls,1,0.315335433045032,0.39285422008719456,16.5,18.767286379620327,151,151,,0.2,,,,0
150,1,S1 Slippery-surface avoidance,sindy,1,0.27933465393922785,1.3411570439156228,12.3,14.959126131496156,22,8,0.8991396685059646,0.3412051033889357,0.9921537525344162,0.9918243453832637,0.011690012679929038,13
150,1,S1 Slippery-surface avoidance,standard,1,0.2870855384985165,1.301717537893648,12.200000000000001,14.585480618930086,0,0,,,,,,0
150,1,S1 Slippery-surface avoidance,rls,1,0.2870855384985165,1.301717537893648,12.200000000000001,14.585480618930086,108,108,,0.2,,,,0
150,2,S2 One-sided mud pit (benchmark),sindy,1,0.2620898477344312,0.39142069394437906,10.4,11.910593274600522,18,2,0.873973045116071,0.1646028362771196,0.8889894766022308,0.8027610780976304,0.021987041510242916,15
150,2,S2 One-sided mud pit (benchmark),standard,1,0.2849975502860093,0.3480137006536725,10.4,11.591663150087342,0,0,,,,,,0
150,2,S2 One-sided mud pit (benchmark),rls,1,0.2715078925542138,0.3571878140945693,10.4,11.64238306370584,90,90,,0.2,,,,0
150,3,S3 One-sided mud pit (stress),sindy,1,0.2875213087617614,0.45890060501171753,14.4,17.391737018345538,26,2,0.8624326799683968,0.16373850832185483,0.9404455665708243,0.90060640591763,0.032567155967652785,15
150,3,S3 One-sided mud pit (stress),standard,1,0.29439468463071733,0.38086046433107607,14.8,16.67177279603431,0,0,,,,,,0
150,3,S3 One-sided mud pit (stress),rls,1,0.2876754364409578,0.38037162959459137,14.8,16.695527522859575,134,134,,0.2,,,,0
150,4,S4 Emergency avoidance with moving obstacle,sindy,1,0.25073305687700514,0.44774374918778675,9.5,11.369002802330016,17,9,0.889142834525265,0.3524818568172031,0.9081605323057583,0.8376325613492741,0.008879982089177715,15
150,4,S4 Emergency avoidance with moving obstacle,standard,1,0.25565894943378337,0.4389576315791146,9.5,11.318550878750315,0,0,,,,,,0
150,4,S4 Emergency avoidance with moving obstacle,rls,1,0.25571777609140306,0.4287237308059005,9.5,11.318171843413637,81,81,,0.2,,,,0
150,5,S5 Continuously varying terrain,sindy,1,0.2617742104857344,0.7002889856956218,10.3,12.369663283111066,18,2,0.8847514830230577,0.16482971291569853,0.9507647879549039,0.9328461376852654,0.012586696467342881,15
150,5,S5 Continuously varying terrain,standard,1,0.2674064599242004,0.6534490889925562,10.3,12.232802378882207,0,0,,,,,,0
150,5,S5 Continuously varying terrain,rls,1,0.2674064599242004,0.6534490889925562,10.3,12.232802378882207,89,89,,0.2,,,,0
150,6,S6 High-mismatch asymmetric mud stress,sindy,1,0.30654424717616324,0.5129481781026854,16.1,19.55314523269495,30,2,0.8702294526729574,0.16394472010101582,0.9693594035019697,0.9606743026958138,0.03784881789983925,13
150,6,S6 High-mismatch asymmetric mud stress,standard,1,0.3034322662964239,0.39982791588596095,16.6,18.789599098323098,0,0,,,,,,0
150,6,S6 High-mismatch asymmetric mud stress,rls,1,0.29784543522048224,0.4033101486046148,16.6,18.82004007993399,152,152,,0.2,,,,0
